Brand,Color_Group,Stars,Num_Ratings,Num_Reviews,RAM,Storage,Expandable,Processor_Brand,Display,Total_Cameras,Battery_Capacity,Price
SAMSUNG,Blue,4.4,126250,7344,4 GB RAM ,64 GB ROM,Expandable Upto 1 TB,Exynos processor,6.6,4,6000.0,9699
POCO,Green,4.4,3204,151,2 GB RAM ,32 GB ROM,Expandable Upto 512 GB,Mediatek processor,6.52,2,5000.0,5749
POCO,Blue,4.4,3204,151,2 GB RAM ,32 GB ROM,Expandable Upto 512 GB,Mediatek processor,6.52,2,5000.0,5749
REDMI,Green,4.3,193536,12428,4 GB RAM ,64 GB ROM,Expandable Upto 1 TB,Qualcomm processor,6.7,3,6000.0,9299
REDMI,Blue,4.3,193536,12428,4 GB RAM ,64 GB ROM,Expandable Upto 1 TB,Qualcomm processor,6.7,3,6000.0,9299
SAMSUNG,Green,4.4,126250,7344,4 GB RAM ,64 GB ROM,Expandable Upto 1 TB,Exynos processor,6.6,4,6000.0,9699
REDMI,Black,4.3,193536,12428,4 GB RAM ,64 GB ROM,Expandable Upto 1 TB,Qualcomm processor,6.7,3,6000.0,9299
Infinix,Green,4.4,10577,614,4 GB RAM ,64 GB ROM,Expandable Upto 256 GB,Mediatek processor,6.82,1,6000.0,8199
Infinix,Black,4.4,10577,614,4 GB RAM ,64 GB ROM,Expandable Upto 256 GB,Mediatek processor,6.82,1,6000.0,8199
Infinix,Other,4.4,10577,614,4 GB RAM ,64 GB ROM,Expandable Upto 256 GB,Mediatek processor,6.82,1,6000.0,8199
Infinix,Blue,4.4,10577,614,4 GB RAM ,64 GB ROM,Expandable Upto 256 GB,Mediatek processor,6.82,1,6000.0,8199
SAMSUNG,Other,4.4,126250,7344,4 GB RAM ,64 GB ROM,Expandable Upto 1 TB,Exynos processor,6.6,4,6000.0,9699
APPLE,Other,4.7,18135,782,4 GB RAM ,128 GB ROM,Expandable Upto 1 TB,Mediatek processor,6.1,3,5000.0,71999
SAMSUNG,Green,4.3,162545,12915,6 GB RAM ,128 GB ROM,Expandable Upto 1 TB,Qualcomm processor,6.6,4,5000.0,14999
REDMI,Black,4.3,193536,12428,4 GB RAM ,64 GB ROM,Expandable Upto 1 TB,Qualcomm processor,6.7,3,6000.0,9299
APPLE,White,4.6,185978,10886,4 GB RAM ,64 GB ROM,Expandable Upto 1 TB,Mediatek processor,6.1,3,5000.0,40999
SAMSUNG,Blue,4.3,162545,12915,6 GB RAM ,128 GB ROM,Expandable Upto 1 TB,Qualcomm processor,6.6,4,5000.0,14999
POCO,Yellow,4.3,41988,3602,4 GB RAM ,64 GB ROM,Expandable Upto 1 TB,Mediatek processor,6.6,3,5000.0,12999
MOTOROLA,Black,4.2,11183,1342,4 GB RAM ,64 GB ROM,Expandable Upto 1 TB,Qualcomm processor,6.6,4,5000.0,10999
MOTOROLA,Blue,4.1,13922,1442,6 GB RAM ,128 GB ROM,Expandable Upto 1 TB,Mediatek processor,6.4,4,5000.0,10999
SAMSUNG,Other,4.3,162545,12915,6 GB RAM ,128 GB ROM,Expandable Upto 1 TB,Qualcomm processor,6.6,4,5000.0,14999
MOTOROLA,White,4.2,29286,3424,6 GB RAM ,128 GB ROM,Expandable Upto 1 TB,Qualcomm processor,6.6,4,5000.0,12999
REDMI,Orange,4.3,193536,12428,4 GB RAM ,64 GB ROM,Expandable Upto 1 TB,Qualcomm processor,6.7,3,6000.0,9299
MOTOROLA,Black,4.2,29286,3424,6 GB RAM ,128 GB ROM,Expandable Upto 1 TB,Qualcomm processor,6.6,4,5000.0,12999
MOTOROLA,Green,4.1,3542,390,4 GB RAM ,64 GB ROM,Expandable Upto 1 TB,Unisoc processor,6.5,2,5000.0,7749
APPLE,Blue,4.7,18135,782,4 GB RAM ,128 GB ROM,Expandable Upto 1 TB,Mediatek processor,6.1,3,5000.0,71999
MOTOROLA,White,4.1,3542,390,4 GB RAM ,64 GB ROM,Expandable Upto 1 TB,Unisoc processor,6.5,2,5000.0,7749
Infinix,Blue,4.3,19904,1412,4 GB RAM ,64 GB ROM,Expandable Upto 1 TB,Other processor,6.82,3,6000.0,8499
Infinix,Other,4.3,19904,1412,4 GB RAM ,64 GB ROM,Expandable Upto 1 TB,Other processor,6.82,3,6000.0,8499
MOTOROLA,Grey,4.2,35126,3935,4 GB RAM ,64 GB ROM,Expandable Upto 1 TB,Mediatek processor,6.4,4,5000.0,9499
Infinix,White,4.3,1735,218,4 GB RAM ,64 GB ROM,Expandable Upto 512 GB,Mediatek processor,6.7,3,5000.0,9999
APPLE,Black,4.6,185978,10886,4 GB RAM ,64 GB ROM,Expandable Upto 1 TB,Mediatek processor,6.1,3,5000.0,40999
POCO,Blue,4.2,76042,7634,6 GB RAM ,64 GB ROM,Expandable Upto 1 TB,Qualcomm processor,6.67,4,5000.0,15999
POCO,Black,4.2,56668,4315,4 GB RAM ,64 GB ROM,Expandable Upto 512 GB,Mediatek processor,6.58,3,5000.0,11999
MOTOROLA,Blue,4.1,5605,562,8 GB RAM ,128 GB ROM,Expandable Upto 1 TB,Qualcomm processor,6.55,4,5000.0,16499
Infinix,Black,4.4,24477,1370,2 GB RAM ,32 GB ROM,Expandable Upto 512 GB,Mediatek processor,6.6,2,5000.0,5799
Infinix,Blue,4.4,24477,1370,2 GB RAM ,32 GB ROM,Expandable Upto 512 GB,Mediatek processor,6.6,2,5000.0,5799
Infinix,Other,4.4,24477,1370,2 GB RAM ,32 GB ROM,Expandable Upto 512 GB,Mediatek processor,6.6,2,5000.0,5799
Infinix,Black,4.3,1624,91,4 GB RAM ,64 GB ROM,Expandable Upto 2 TB,Unisoc processor,6.6,2,6000.0,7499
Infinix,Blue,4.3,1624,91,4 GB RAM ,64 GB ROM,Expandable Upto 2 TB,Unisoc processor,6.6,2,6000.0,7499
MOTOROLA,Other,4.2,29660,2849,4 GB RAM ,64 GB ROM,Expandable Upto 1 TB,Qualcomm processor,6.55,4,5000.0,10499
MOTOROLA,Black,3.8,30286,3530,4 GB RAM ,64 GB ROM,Expandable Upto 1 TB,Mediatek processor,6.5,5,5000.0,9499
MOTOROLA,Silver,4.2,29660,2849,4 GB RAM ,64 GB ROM,Expandable Upto 1 TB,Qualcomm processor,6.55,4,5000.0,10499
MOTOROLA,Other,4.1,5605,562,8 GB RAM ,128 GB ROM,Expandable Upto 1 TB,Qualcomm processor,6.55,4,5000.0,16999
Infinix,Blue,4.3,19904,1412,4 GB RAM ,64 GB ROM,Expandable Upto 1 TB,Other processor,6.82,3,6000.0,8499
Infinix,Black,4.3,19904,1412,4 GB RAM ,64 GB ROM,Expandable Upto 1 TB,Other processor,6.82,3,6000.0,8499
MOTOROLA,Black,4.1,3542,390,4 GB RAM ,64 GB ROM,Expandable Upto 1 TB,Unisoc processor,6.5,2,5000.0,7749
POCO,Black,4.2,28462,2197,6 GB RAM ,128 GB ROM,Expandable Upto 512 GB,Mediatek processor,6.58,3,5000.0,13999
POCO,Black,4.2,18138,1834,8 GB RAM ,128 GB ROM,Expandable Upto 1 TB,Qualcomm processor,6.67,4,5000.0,18499
SAMSUNG,Other,4.5,3550,134,4 GB RAM ,64 GB ROM,Expandable Upto 1 TB,Mediatek processor,6.5,3,5000.0,8499
POCO,Blue,4.2,56668,4315,4 GB RAM ,64 GB ROM,Expandable Upto 512 GB,Mediatek processor,6.58,3,5000.0,11999
POCO,Blue,4.2,13556,1097,8 GB RAM ,128 GB ROM,Expandable Upto 1 TB,Mediatek processor,6.6,3,5000.0,15999
POCO,Yellow,4.3,49481,4283,6 GB RAM ,128 GB ROM,Expandable Upto 1 TB,Mediatek processor,6.6,3,5000.0,14999
MOTOROLA,Other,4.2,72662,6836,4 GB RAM ,64 GB ROM,Expandable Upto 1 TB,Unisoc processor,6.5,4,5000.0,10998
MOTOROLA,Blue,4.2,35126,3935,4 GB RAM ,64 GB ROM,Expandable Upto 1 TB,Mediatek processor,6.6,4,5000.0,9499
APPLE,Other,4.7,18135,782,4 GB RAM ,128 GB ROM,Expandable Upto 1 TB,Mediatek processor,6.1,3,5000.0,71999
Infinix,Blue,4.3,1735,218,4 GB RAM ,64 GB ROM,Expandable Upto 512 GB,Mediatek processor,6.7,3,5000.0,9999
SAMSUNG,Blue,4.4,126250,7344,4 GB RAM ,128 GB ROM,Expandable Upto 1 TB,Exynos processor,6.6,4,6000.0,10699
APPLE,Other,4.7,193738,10619,4 GB RAM ,128 GB ROM,Expandable Upto 1 TB,Mediatek processor,6.1,3,5000.0,69900
SAMSUNG,Green,4.5,3550,134,4 GB RAM ,64 GB ROM,Expandable Upto 1 TB,Mediatek processor,6.5,3,5000.0,8499
vivo,Other,4.5,91604,6253,4 GB RAM ,128 GB ROM,Expandable Upto 1 TB,Qualcomm processor,6.44,4,5000.0,14499
vivo,Other,4.5,91604,6253,4 GB RAM ,128 GB ROM,Expandable Upto 1 TB,Qualcomm processor,6.44,4,5000.0,14499
Google,Other,4.3,30999,3863,6 GB RAM ,128 GB ROM,Expandable Upto 1 TB,Other processor,6.14,3,4410.0,28999
SAMSUNG,Green,4.4,126250,7344,4 GB RAM ,128 GB ROM,Expandable Upto 1 TB,Exynos processor,6.6,4,6000.0,10699
POCO,Blue,4.2,28462,2197,6 GB RAM ,128 GB ROM,Expandable Upto 512 GB,Mediatek processor,6.58,3,5000.0,13999
realme,Black,4.4,171279,9859,4 GB RAM ,64 GB ROM,Expandable Upto 1 TB,Unisoc processor,6.6,4,5000.0,10999
REDMI,Blue,4.2,25936,1871,6 GB RAM ,128 GB ROM,Expandable Upto 1 TB,Qualcomm processor,6.7,3,6000.0,11999
REDMI,Black,4.2,25936,1871,6 GB RAM ,128 GB ROM,Expandable Upto 1 TB,Qualcomm processor,6.7,3,6000.0,11999
POCO,Blue,4.2,18138,1834,8 GB RAM ,128 GB ROM,Expandable Upto 1 TB,Qualcomm processor,6.67,4,5000.0,18499
Realme,Black,4.3,87820,4718,2 GB RAM ,32 GB ROM,Expandable Upto 1 TB,Unisoc processor,6.5,2,5000.0,5549
Infinix,Blue,4.2,7869,485,6 GB RAM ,64 GB ROM,Expandable Upto 256 GB,Unisoc processor,6.6,2,5000.0,8999
APPLE,Other,4.7,193738,10619,4 GB RAM ,128 GB ROM,Expandable Upto 1 TB,Mediatek processor,6.1,3,5000.0,69900
POCO,Yellow,4.2,76042,7634,6 GB RAM ,128 GB ROM,Expandable Upto 1 TB,Qualcomm processor,6.67,4,5000.0,16999
vivo,Blue,4.5,81347,4594,4 GB RAM ,64 GB ROM,Expandable Upto 1 TB,Qualcomm processor,6.58,3,5000.0,11999
vivo,Black,4.5,81347,4594,4 GB RAM ,128 GB ROM,Expandable Upto 1 TB,Qualcomm processor,6.58,3,5000.0,12999
vivo,Black,4.5,81347,4594,4 GB RAM ,64 GB ROM,Expandable Upto 1 TB,Qualcomm processor,6.58,3,5000.0,11999
APPLE,Red,4.7,193738,10619,4 GB RAM ,128 GB ROM,Expandable Upto 1 TB,Mediatek processor,6.1,3,5000.0,69900
realme,Green,4.4,171279,9859,4 GB RAM ,64 GB ROM,Expandable Upto 1 TB,Unisoc processor,6.6,4,5000.0,10999
POCO,Yellow,4.2,56668,4315,4 GB RAM ,64 GB ROM,Expandable Upto 512 GB,Mediatek processor,6.58,3,5000.0,11999
APPLE,Blue,4.7,193738,10619,4 GB RAM ,128 GB ROM,Expandable Upto 1 TB,Mediatek processor,6.1,3,5000.0,69900
SAMSUNG,Blue,4.3,1196,86,8 GB RAM ,128 GB ROM,Expandable Upto 1 TB,Mediatek processor,6.6,1,6000.0,18168
SAMSUNG,Green,4.2,8048,643,6 GB RAM ,128 GB ROM,Expandable Upto 1 TB,Mediatek processor,6.59,1,6000.0,16324
REDMI,White,4.4,84641,5738,6 GB RAM ,64 GB ROM,Expandable Upto 512 GB,Mediatek processor,6.43,5,5000.0,12999
POCO,Blue,4.3,154378,13840,6 GB RAM ,128 GB ROM,Expandable Upto 1 TB,Mediatek processor,6.43,4,5000.0,13999
MOTOROLA,Grey,4.1,4585,564,8 GB RAM ,128 GB ROM,Expandable Upto 1 TB,Qualcomm processor,6.6,4,5000.0,20499
vivo,Blue,4.5,81347,4594,4 GB RAM ,128 GB ROM,Expandable Upto 1 TB,Qualcomm processor,6.58,3,5000.0,12999
OPPO,Blue,4.4,2235,94,4 GB RAM ,64 GB ROM,Expandable Upto 2 TB,Mediatek processor,6.56,4,5000.0,12499
POCO,Blue,4.4,1868,230,6 GB RAM ,128 GB ROM,Expandable Upto 1 TB,Qualcomm processor,6.67,4,5000.0,22999
POCO,Yellow,4.3,154378,13840,6 GB RAM ,128 GB ROM,Expandable Upto 1 TB,Mediatek processor,6.43,4,5000.0,13999
Infinix,Black,4.3,1735,218,4 GB RAM ,64 GB ROM,Expandable Upto 512 GB,Mediatek processor,6.7,3,5000.0,9999
MOTOROLA,Blue,4.1,10942,1515,6 GB RAM ,128 GB ROM,Expandable Upto 1 TB,Mediatek processor,6.55,4,5000.0,15999
realme,Green,4.4,171279,9859,4 GB RAM ,128 GB ROM,Expandable Upto 1 TB,Unisoc processor,6.6,4,5000.0,11999
realme,Black,4.4,171279,9859,4 GB RAM ,128 GB ROM,Expandable Upto 1 TB,Unisoc processor,6.6,4,5000.0,11999
OPPO,Yellow,4.5,1242,32,3 GB RAM ,64 GB ROM,Expandable Upto 2 TB,Mediatek processor,6.56,2,5000.0,9499
Infinix,Blue,4.1,1305,122,6 GB RAM ,128 GB ROM,Expandable Upto 1 TB,Other processor,6.6,2,5000.0,13499
Infinix,Green,4.1,1305,122,6 GB RAM ,128 GB ROM,Expandable Upto 1 TB,Other processor,6.6,2,5000.0,13499
OPPO,Blue,4.5,1242,32,3 GB RAM ,64 GB ROM,Expandable Upto 2 TB,Mediatek processor,6.56,2,5000.0,9499
REDMI,Grey,4.1,1959,131,3 GB RAM ,32 GB ROM,Expandable Upto 1 TB,Mediatek processor,6.53,1,5000.0,7894
REDMI,Blue,4.1,1959,131,3 GB RAM ,32 GB ROM,Expandable Upto 1 TB,Mediatek processor,6.53,1,5000.0,8190
REDMI,Black,4.1,1959,131,3 GB RAM ,32 GB ROM,Expandable Upto 1 TB,Mediatek processor,6.53,1,5000.0,7890
Google,Black,4.3,30999,3863,6 GB RAM ,128 GB ROM,Expandable Upto 1 TB,Other processor,6.14,3,4410.0,28999
POCO,Other,4.3,207547,11775,4 GB RAM ,64 GB ROM,Expandable Upto 512 GB,Mediatek processor,6.53,4,5000.0,9099
POCO,Blue,4.3,154378,13840,6 GB RAM ,64 GB ROM,Expandable Upto 1 TB,Mediatek processor,6.43,4,5000.0,12999
realme,Other,4.4,20368,855,3 GB RAM ,32 GB ROM,Expandable Upto 1 TB,Unisoc processor,6.5,3,5000.0,8999
POCO,Blue,4.4,2043,250,8 GB RAM ,256 GB ROM,Expandable Upto 1 TB,Qualcomm processor,6.67,4,5000.0,24999
realme,Green,4.3,87820,4718,2 GB RAM ,32 GB ROM,Expandable Upto 1 TB,Unisoc processor,6.5,2,5000.0,5999
realme,Blue,4.3,87820,4718,2 GB RAM ,32 GB ROM,Expandable Upto 1 TB,Unisoc processor,6.5,2,5000.0,5999
realme,Yellow,4.4,20368,855,3 GB RAM ,32 GB ROM,Expandable Upto 1 TB,Unisoc processor,6.5,3,5000.0,8999
realme,Blue,4.4,20368,855,3 GB RAM ,32 GB ROM,Expandable Upto 1 TB,Unisoc processor,6.5,3,5000.0,8999
realme,Yellow,4.4,60850,2656,4 GB RAM ,64 GB ROM,Expandable Upto 1 TB,Unisoc processor,6.5,3,5000.0,9999
realme,Other,4.4,60850,2656,4 GB RAM ,64 GB ROM,Expandable Upto 1 TB,Unisoc processor,6.5,3,5000.0,9999
vivo,Blue,4.4,8169,783,6 GB RAM ,128 GB ROM,Expandable Upto 1 TB,Qualcomm processor,6.44,4,4700.0,23999
Infinix,Green,4.2,7869,485,6 GB RAM ,64 GB ROM,Expandable Upto 256 GB,Unisoc processor,6.6,2,5000.0,8999
REDMI,Black,4.3,241457,13909,4 GB RAM ,64 GB ROM,Expandable Upto 512 GB,Mediatek processor,6.53,2,5000.0,7699
POCO,Black,4.4,1868,230,6 GB RAM ,128 GB ROM,Expandable Upto 1 TB,Qualcomm processor,6.67,4,5000.0,22999
REDMI,Blue,4.3,4657,231,2 GB RAM ,32 GB ROM,Expandable Upto 1 TB,Mediatek processor,6.52,1,5000.0,6656
APPLE,White,4.6,185978,10886,4 GB RAM ,128 GB ROM,Expandable Upto 1 TB,Mediatek processor,6.1,3,5000.0,48900
POCO,Blue,4.3,207547,11775,4 GB RAM ,64 GB ROM,Expandable Upto 512 GB,Mediatek processor,6.53,4,5000.0,9099
MOTOROLA,Blue,4.0,1258,114,4 GB RAM ,64 GB ROM,Expandable Upto 1 TB,Mediatek processor,6.5,3,5000.0,8999
realme,Black,4.1,40684,2630,3 GB RAM ,32 GB ROM,Expandable Upto 1 TB,Unisoc processor,6.5,2,5000.0,6999
OnePlus,Black,4.4,49313,3791,6 GB RAM ,128 GB ROM,Expandable Upto 1 TB,Mediatek processor,6.59,1,5000.0,19550
realme,Black,4.5,41927,1982,4 GB RAM ,64 GB ROM,Expandable Upto 1 TB,Mediatek processor,6.6,4,5000.0,14999
REDMI,Black,4.3,4657,231,2 GB RAM ,32 GB ROM,Expandable Upto 1 TB,Mediatek processor,6.52,1,5000.0,6567
SAMSUNG,Blue,4.2,508,39,4 GB RAM ,64 GB ROM,Expandable Upto 1 TB,Mediatek processor,6.5,3,5000.0,8916
realme,Blue,4.4,60850,2656,4 GB RAM ,64 GB ROM,Expandable Upto 1 TB,Unisoc processor,6.5,3,5000.0,9999
Infinix,Black,4.1,190,29,8 GB RAM ,128 GB ROM,Expandable Upto 256 GB,Mediatek processor,6.78,4,5000.0,16999
OPPO,Black,4.4,2235,94,4 GB RAM ,64 GB ROM,Expandable Upto 2 TB,Mediatek processor,6.56,4,5000.0,12499
vivo,Black,4.4,16849,1746,8 GB RAM ,128 GB ROM,Expandable Upto 1 TB,Qualcomm processor,6.44,4,4700.0,24999
POCO,Black,4.4,888,42,6 GB RAM ,128 GB ROM,Expandable Upto 1 TB,Mediatek processor,6.71,2,5000.0,10999
POCO,Black,4.3,14540,1262,8 GB RAM ,128 GB ROM,Expandable Upto 1 TB,Mediatek processor,6.43,4,5000.0,14999
REDMI,White,4.3,1060,89,6 GB RAM ,64 GB ROM,Expandable Upto 1 TB,Mediatek processor,6.43,1,5000.0,13400
POCO,Blue,4.4,888,42,6 GB RAM ,128 GB ROM,Expandable Upto 1 TB,Mediatek processor,6.71,2,5000.0,10999
realme,Yellow,4.5,41927,1982,4 GB RAM ,64 GB ROM,Expandable Upto 1 TB,Mediatek processor,6.6,4,5000.0,14999
realme,Blue,4.5,16021,1034,4 GB RAM ,64 GB ROM,Expandable Upto 256 GB,Mediatek processor,6.6,4,5000.0,12499
POCO,Green,4.4,888,42,6 GB RAM ,128 GB ROM,Expandable Upto 1 TB,Mediatek processor,6.71,2,5000.0,10999
realme,Black,4.5,4883,171,2 GB RAM ,32 GB ROM,Expandable Upto 1 TB,Unisoc processor,6.5,2,5000.0,6999
realme,Blue,4.5,4883,171,2 GB RAM ,32 GB ROM,Expandable Upto 1 TB,Unisoc processor,6.5,2,5000.0,6999
vivo,Black,4.4,1831,126,8 GB RAM ,128 GB ROM,Expandable Upto 1 TB,Qualcomm processor,6.58,4,5000.0,18499
APPLE,Other,4.7,4616,346,4 GB RAM ,128 GB ROM,Expandable Upto 1 TB,Mediatek processor,6.7,3,5000.0,79999
Infinix,White,4.2,7869,485,6 GB RAM ,64 GB ROM,Expandable Upto 256 GB,Unisoc processor,6.6,2,5000.0,8999
Infinix,Black,4.2,7869,485,6 GB RAM ,64 GB ROM,Expandable Upto 256 GB,Unisoc processor,6.6,2,5000.0,8999
realme,Blue,4.2,87,6,4 GB RAM ,64 GB ROM,Expandable Upto 1 TB,Unisoc processor,6.5,2,5000.0,8669
POCO,Blue,4.3,1189,66,4 GB RAM ,64 GB ROM,Expandable Upto 1 TB,Mediatek processor,6.71,2,5000.0,8999
OPPO,Silver,4.4,28926,2965,8 GB RAM ,128 GB ROM,Expandable Upto 256 GB,Mediatek processor,6.43,5,4310.0,17990
OPPO,Black,4.4,28926,2965,8 GB RAM ,128 GB ROM,Expandable Upto 256 GB,Mediatek processor,6.43,5,4310.0,17990
APPLE,Other,4.7,4616,346,4 GB RAM ,128 GB ROM,Expandable Upto 1 TB,Mediatek processor,6.7,3,5000.0,79999
APPLE,Blue,4.7,4616,346,4 GB RAM ,128 GB ROM,Expandable Upto 1 TB,Mediatek processor,6.7,3,5000.0,79999
realme,Grey,4.4,234630,10133,2 GB RAM ,32 GB ROM,Expandable Upto 256 GB,Other processor,6.5,2,5000.0,7499
realme,Blue,4.4,234630,10133,2 GB RAM ,32 GB ROM,Expandable Upto 256 GB,Other processor,6.5,2,5000.0,7499
realme,Blue,4.5,41927,1982,4 GB RAM ,64 GB ROM,Expandable Upto 1 TB,Mediatek processor,6.6,4,5000.0,14999
Nothing,Black,4.3,54077,7045,8 GB RAM ,256 GB ROM,Expandable Upto 1 TB,Qualcomm processor,6.55,3,4500.0,27999
vivo,Blue,4.2,1347,81,2 GB RAM ,32 GB ROM,Expandable Upto 1 TB,Mediatek processor,6.51,2,5000.0,7999
POCO,Black,4.3,1189,66,4 GB RAM ,64 GB ROM,Expandable Upto 1 TB,Mediatek processor,6.71,2,5000.0,8999
POCO,Black,4.3,1675,108,6 GB RAM ,128 GB ROM,Expandable Upto 512 GB,Mediatek processor,6.58,4,5000.0,12599
REDMI,Black,4.2,840,43,8 GB RAM ,128 GB ROM,Expandable Upto 1 TB,Mediatek processor,6.7,1,6000.0,12168
vivo,Yellow,4.4,1831,126,8 GB RAM ,128 GB ROM,Expandable Upto 1 TB,Qualcomm processor,6.58,4,5000.0,18499
Infinix,Blue,4.3,3865,310,4 GB RAM ,64 GB ROM,Expandable Upto 1 TB,Other processor,6.6,2,5000.0,11499
Infinix,Other,4.2,16084,1745,6 GB RAM ,64 GB ROM,Expandable Upto 2 TB,Mediatek processor,6.7,3,5000.0,14099
REDMI,Black,4.3,1060,89,6 GB RAM ,128 GB ROM,Expandable Upto 1 TB,Mediatek processor,6.43,1,5000.0,14990
REDMI,Green,4.3,241457,13909,4 GB RAM ,64 GB ROM,Expandable Upto 512 GB,Mediatek processor,6.53,2,5000.0,7699
POCO,Yellow,4.2,28462,2197,6 GB RAM ,128 GB ROM,Expandable Upto 512 GB,Mediatek processor,6.58,3,5000.0,13999
OPPO,Blue,4.3,25654,1849,6 GB RAM ,128 GB ROM,Expandable Upto 256 GB,Qualcomm processor,6.43,4,5000.0,14990
REDMI,Silver,4.2,1467,97,4 GB RAM ,64 GB ROM,Expandable Upto 1 TB,Mediatek processor,6.58,1,5000.0,13595
REDMI,Black,4.2,272,18,6 GB RAM ,128 GB ROM,Expandable Upto 1 TB,Mediatek processor,6.58,1,5000.0,16438
Nothing,Black,4.3,54077,7045,8 GB RAM ,128 GB ROM,Expandable Upto 1 TB,Qualcomm processor,6.55,3,4500.0,26999
Nothing,White,4.3,54077,7045,8 GB RAM ,256 GB ROM,Expandable Upto 1 TB,Qualcomm processor,6.55,3,4500.0,28499
realme,Blue,3.9,281,17,4 GB RAM ,64 GB ROM,Expandable Upto 1 TB,Mediatek processor,6.6,1,5000.0,10641
OPPO,Orange,4.4,2235,94,4 GB RAM ,64 GB ROM,Expandable Upto 2 TB,Mediatek processor,6.56,4,5000.0,12499
realme,Black,4.5,16021,1034,4 GB RAM ,64 GB ROM,Expandable Upto 256 GB,Mediatek processor,6.6,4,5000.0,12380
realme,Black,4.4,7785,571,6 GB RAM ,128 GB ROM,Expandable Upto 256 GB,Mediatek processor,6.6,4,5000.0,15499
vivo,Green,4.3,3851,284,3 GB RAM ,32 GB ROM,Expandable Upto 1 TB,Mediatek processor,6.51,3,5000.0,9499
Infinix,Blue,4.0,4697,409,8 GB RAM ,128 GB ROM,Expandable Upto 256 GB,Unisoc processor,6.6,2,5000.0,11499
APPLE,Other,4.7,4616,346,4 GB RAM ,128 GB ROM,Expandable Upto 1 TB,Mediatek processor,6.7,3,5000.0,79999
MOTOROLA,White,4.1,4585,564,8 GB RAM ,128 GB ROM,Expandable Upto 1 TB,Qualcomm processor,6.6,4,5000.0,21499
Micromax,Silver,4.2,3459,398,3 GB RAM ,32 GB ROM,Expandable Upto 256 GB,Unisoc processor,6.52,2,5000.0,5999
REDMI,Blue,4.3,241457,13909,4 GB RAM ,64 GB ROM,Expandable Upto 512 GB,Mediatek processor,6.53,2,5000.0,7699
POCO,Other,4.3,137097,8673,3 GB RAM ,32 GB ROM,Expandable Upto 512 GB,Mediatek processor,6.53,4,5000.0,7999
vivo,Black,4.5,93,2,8 GB RAM ,128 GB ROM,Expandable Upto 1 TB,Mediatek processor,6.58,3,5000.0,19999
MOTOROLA,Grey,4.1,10942,1515,6 GB RAM ,128 GB ROM,Expandable Upto 1 TB,Mediatek processor,6.55,4,5000.0,15999
realme,Black,4.3,1062,73,8 GB RAM ,128 GB ROM,Expandable Upto 1 TB,Mediatek processor,6.4,3,5000.0,16999
realme,White,4.4,4176,306,4 GB RAM ,64 GB ROM,Expandable Upto 1 TB,Mediatek processor,6.4,3,5000.0,13999
realme,Black,4.4,4176,306,4 GB RAM ,64 GB ROM,Expandable Upto 1 TB,Mediatek processor,6.4,3,5000.0,13999
vivo,Black,4.6,353,60,8 GB RAM ,256 GB ROM,Expandable Upto 1 TB,Mediatek processor,6.78,4,4600.0,39999
realme,Green,4.2,87,6,4 GB RAM ,64 GB ROM,Expandable Upto 1 TB,Unisoc processor,6.5,2,5000.0,8698
Infinix,Green,4.0,4697,409,8 GB RAM ,128 GB ROM,Expandable Upto 256 GB,Unisoc processor,6.6,2,5000.0,11499
SAMSUNG,Green,4.0,324,17,4 GB RAM ,64 GB ROM,Expandable Upto 1 TB,Mediatek processor,6.5,1,5000.0,12583
POCO,Yellow,4.2,76042,7634,6 GB RAM ,64 GB ROM,Expandable Upto 1 TB,Qualcomm processor,6.67,4,5000.0,15999
vivo,Yellow,4.3,1566,92,3 GB RAM ,32 GB ROM,Expandable Upto 1 TB,Mediatek processor,6.51,3,5000.0,9999
realme,Other,4.5,13214,1298,6 GB RAM ,128 GB ROM,Expandable Upto 1 TB,Mediatek processor,6.7,4,5000.0,24999
Infinix,Blue,4.2,4253,469,8 GB RAM ,256 GB ROM,Expandable Upto 2 TB,Mediatek processor,6.7,3,5000.0,14999
realme,Other,4.5,13214,1298,6 GB RAM ,128 GB ROM,Expandable Upto 1 TB,Mediatek processor,6.7,4,5000.0,24999
realme,Blue,4.5,13214,1298,6 GB RAM ,128 GB ROM,Expandable Upto 1 TB,Mediatek processor,6.7,4,5000.0,24999
OnePlus,Blue,4.3,4000,353,8 GB RAM ,128 GB ROM,Expandable Upto 1 TB,Mediatek processor,6.59,1,5000.0,21998
realme,Blue,4.3,207284,11041,4 GB RAM ,64 GB ROM,Expandable Upto 256 GB,Other processor,6.5,2,5000.0,8999
realme,Grey,4.3,207284,11041,4 GB RAM ,64 GB ROM,Expandable Upto 256 GB,Other processor,6.5,2,5000.0,8999
SAMSUNG,Brown,4.3,1196,86,8 GB RAM ,128 GB ROM,Expandable Upto 1 TB,Mediatek processor,6.6,1,6000.0,18532
REDMI,Blue,4.3,10760,1173,6 GB RAM ,128 GB ROM,Expandable Upto 1 TB,Mediatek processor,6.67,4,5000.0,24999
MOTOROLA,Black,4.0,1258,114,4 GB RAM ,64 GB ROM,Expandable Upto 1 TB,Mediatek processor,6.5,3,5000.0,8999
POCO,Green,4.3,1189,66,4 GB RAM ,64 GB ROM,Expandable Upto 1 TB,Mediatek processor,6.71,2,5000.0,8999
Infinix,Blue,4.2,25390,2528,4 GB RAM ,64 GB ROM,Expandable Upto 512 GB,Mediatek processor,6.7,3,5000.0,10999
Infinix,Black,4.2,25390,2528,4 GB RAM ,64 GB ROM,Expandable Upto 512 GB,Mediatek processor,6.7,3,5000.0,10999
Infinix,Blue,4.2,12607,1210,6 GB RAM ,128 GB ROM,Expandable Upto 512 GB,Mediatek processor,6.7,3,5000.0,12999
REDMI,Orange,4.2,840,43,8 GB RAM ,128 GB ROM,Expandable Upto 1 TB,Mediatek processor,6.7,1,6000.0,12190
SAMSUNG,Other,4.0,2861,246,2 GB RAM ,32 GB ROM,Expandable Upto 1 TB,Mediatek processor,6.5,1,5000.0,6999
Infinix,Other,4.1,20522,2534,8 GB RAM ,128 GB ROM,Expandable Upto 2 TB,Mediatek processor,6.7,4,5000.0,17199
Infinix,Black,4.1,20522,2534,8 GB RAM ,128 GB ROM,Expandable Upto 2 TB,Mediatek processor,6.7,4,5000.0,17199
POCO,Yellow,4.4,1868,230,6 GB RAM ,128 GB ROM,Expandable Upto 1 TB,Qualcomm processor,6.67,4,5000.0,22999
realme,Black,4.3,5635,409,6 GB RAM ,128 GB ROM,Expandable Upto 1 TB,Mediatek processor,6.6,4,5000.0,16999
OPPO,Black,4.3,342,28,8 GB RAM ,128 GB ROM,Expandable Upto 1 TB,Qualcomm processor,6.56,3,5000.0,17999
Infinix,Green,4.3,3865,310,4 GB RAM ,64 GB ROM,Expandable Upto 1 TB,Other processor,6.6,2,5000.0,11499
Infinix,Black,4.2,16084,1745,6 GB RAM ,64 GB ROM,Expandable Upto 2 TB,Mediatek processor,6.7,3,5000.0,14099
POCO,Blue,4.3,137097,8673,3 GB RAM ,32 GB ROM,Expandable Upto 512 GB,Mediatek processor,6.53,4,5000.0,7999
SAMSUNG,Brown,4.2,8048,643,6 GB RAM ,128 GB ROM,Expandable Upto 1 TB,Mediatek processor,6.6,1,6000.0,16565
APPLE,Black,4.6,185978,10886,4 GB RAM ,128 GB ROM,Expandable Upto 1 TB,Mediatek processor,6.1,3,5000.0,48900
POCO,Blue,4.3,3275,248,4 GB RAM ,64 GB ROM,Expandable Upto 512 GB,Mediatek processor,6.58,4,5000.0,10999
Infinix,Black,4.1,1305,122,6 GB RAM ,128 GB ROM,Expandable Upto 1 TB,Other processor,6.6,2,5000.0,13499
Realme,Green,4.3,87673,4705,2 GB RAM ,32 GB ROM,Expandable Upto 1 TB,Unisoc processor,6.5,2,5000.0,5549
vivo,Silver,4.3,14652,1094,4 GB RAM ,64 GB ROM,Expandable Upto 1 TB,Mediatek processor,6.51,3,5000.0,12965
vivo,Yellow,4.3,1207,78,4 GB RAM ,64 GB ROM,Expandable Upto 1 TB,Mediatek processor,6.51,3,5000.0,12499
MOTOROLA,Green,3.8,30286,3530,4 GB RAM ,64 GB ROM,Expandable Upto 1 TB,Mediatek processor,6.5,5,5000.0,10999
vivo,Black,4.3,1566,92,3 GB RAM ,64 GB ROM,Expandable Upto 1 TB,Mediatek processor,6.51,3,5000.0,10999
POCO,Blue,4.3,1675,108,6 GB RAM ,128 GB ROM,Expandable Upto 512 GB,Mediatek processor,6.58,4,5000.0,12599
OPPO,Black,4.3,25654,1849,6 GB RAM ,128 GB ROM,Expandable Upto 256 GB,Qualcomm processor,6.43,4,5000.0,14990
REDMI,Black,4.2,526,47,4 GB RAM ,64 GB ROM,Expandable Upto 1 TB,Mediatek processor,6.43,1,5000.0,12128
Tecno,Silver,4.3,550,28,4 GB RAM ,64 GB ROM,Expandable Upto 512 GB,Mediatek processor,6.9,4,7000.0,11990
Tecno,Black,4.3,550,28,4 GB RAM ,64 GB ROM,Expandable Upto 512 GB,Mediatek processor,6.9,4,7000.0,10899
SAMSUNG,Other,4.0,2861,246,2 GB RAM ,32 GB ROM,Expandable Upto 1 TB,Mediatek processor,6.5,2,5000.0,6749
MOTOROLA,Green,4.1,8705,1175,6 GB RAM ,128 GB ROM,Expandable Upto 1 TB,Qualcomm processor,6.55,4,4020.0,22999
REDMI,White,4.3,41006,2555,6 GB RAM ,64 GB ROM,Expandable Upto 512 GB,Mediatek processor,6.43,5,5000.0,11999
REDMI,Black,4.2,6907,403,4 GB RAM ,64 GB ROM,Expandable Upto 1 TB,Mediatek processor,6.53,1,5000.0,9499
REDMI,Grey,4.2,6907,403,4 GB RAM ,64 GB ROM,Expandable Upto 1 TB,Mediatek processor,6.53,1,5000.0,8828
MOTOROLA,Grey,4.1,4677,656,8 GB RAM ,128 GB ROM,Expandable Upto 1 TB,Qualcomm processor,6.55,4,4020.0,24999
OPPO,Orange,4.3,342,28,8 GB RAM ,128 GB ROM,Expandable Upto 1 TB,Qualcomm processor,6.56,3,5000.0,17999
MOTOROLA,Grey,4.1,8705,1175,6 GB RAM ,128 GB ROM,Expandable Upto 1 TB,Qualcomm processor,6.55,4,4020.0,22999
OPPO,Yellow,4.5,10278,563,6 GB RAM ,128 GB ROM,Expandable Upto 256 GB,Qualcomm processor,6.43,4,5000.0,15990
Infinix,Grey,4.2,4253,469,8 GB RAM ,256 GB ROM,Expandable Upto 2 TB,Mediatek processor,6.7,3,5000.0,14999
REDMI,Other,4.3,4484,474,8 GB RAM ,256 GB ROM,Expandable Upto 1 TB,Mediatek processor,6.67,4,5000.0,27999
REDMI,Black,4.3,10760,1173,6 GB RAM ,128 GB ROM,Expandable Upto 1 TB,Mediatek processor,6.67,4,5000.0,24999
realme,Blue,4.4,7785,571,6 GB RAM ,128 GB ROM,Expandable Upto 256 GB,Mediatek processor,6.6,4,5000.0,15499
POCO,Blue,4.3,41988,3602,4 GB RAM ,64 GB ROM,Expandable Upto 1 TB,Mediatek processor,6.6,3,5000.0,14999
OPPO,Black,4.4,63545,4702,8 GB RAM ,128 GB ROM,Expandable Upto 1 TB,Mediatek processor,6.56,3,5000.0,16999
realme,Black,4.3,4987,278,4 GB RAM ,64 GB ROM,Expandable Upto 1 TB,Unisoc processor,6.5,2,5000.0,8499
realme,Blue,4.3,4987,278,4 GB RAM ,64 GB ROM,Expandable Upto 1 TB,Unisoc processor,6.5,2,5000.0,8499
POCO,Yellow,4.3,1675,108,6 GB RAM ,128 GB ROM,Expandable Upto 512 GB,Mediatek processor,6.58,4,5000.0,12599
realme,White,4.3,1062,73,8 GB RAM ,128 GB ROM,Expandable Upto 1 TB,Mediatek processor,6.4,3,5000.0,16999
REDMI,Black,4.3,6165,721,8 GB RAM ,256 GB ROM,Expandable Upto 1 TB,Mediatek processor,6.67,4,4980.0,29999
SAMSUNG,Green,4.2,181,9,4 GB RAM ,64 GB ROM,Expandable Upto 1 TB,Other processor,6.6,3,5000.0,16499
vivo,Black,4.2,1347,81,2 GB RAM ,32 GB ROM,Expandable Upto 1 TB,Mediatek processor,6.51,2,5000.0,7999
vivo,Blue,4.3,272,13,3 GB RAM ,32 GB ROM,Expandable Upto 1 TB,Mediatek processor,6.51,2,5000.0,8999
OPPO,Yellow,4.3,2963,324,8 GB RAM ,128 GB ROM,Expandable Upto 1 TB,Qualcomm processor,6.7,4,4800.0,29999
realme,Blue,4.4,6845,544,8 GB RAM ,128 GB ROM,Expandable Upto 1 TB,Qualcomm processor,6.72,3,5000.0,19999
Infinix,Black,4.3,3865,310,4 GB RAM ,64 GB ROM,Expandable Upto 1 TB,Other processor,6.6,2,5000.0,11499
OPPO,Black,4.3,2963,324,8 GB RAM ,128 GB ROM,Expandable Upto 1 TB,Qualcomm processor,6.7,4,4800.0,29999
Tecno,White,4.2,284,26,6 GB RAM ,128 GB ROM,Expandable Upto 512 GB,Mediatek processor,6.8,3,5000.0,13989
IQOO,Blue,4.2,958,67,6 GB RAM ,128 GB ROM,Expandable Upto 1 TB,Mediatek processor,6.44,1,5000.0,15990
Tecno,Black,4.2,284,26,6 GB RAM ,128 GB ROM,Expandable Upto 512 GB,Mediatek processor,6.8,3,5000.0,13895
Infinix,Blue,4.3,113057,8289,4 GB RAM ,64 GB ROM,Expandable Upto 256 GB,Unisoc processor,6.82,2,6000.0,8999
REDMI,Black,4.2,174,13,6 GB RAM ,128 GB ROM,Expandable Upto 1 TB,Mediatek processor,6.67,1,5000.0,20599
REDMI,Green,4.1,96,7,4 GB RAM ,128 GB ROM,Expandable Upto 1 TB,Mediatek processor,6.67,1,5000.0,17640
IQOO,Green,4.1,707,56,6 GB RAM ,128 GB ROM,Expandable Upto 1 TB,Mediatek processor,6.68,1,5000.0,15990
IQOO,Other,4.1,707,56,6 GB RAM ,128 GB ROM,Expandable Upto 1 TB,Mediatek processor,6.68,1,5000.0,16399
SAMSUNG,Blue,4.3,97,10,6 GB RAM ,128 GB ROM,Expandable Upto 1 TB,Mediatek processor,6.4,1,6000.0,15500
Redmi,Black,4.2,6291,456,3 GB RAM ,32 GB ROM,Expandable Upto 1 TB,Mediatek processor,6.53,1,5000.0,7490
vivo,Green,4.3,760,48,4 GB RAM ,64 GB ROM,Expandable Upto 1 TB,Mediatek processor,6.55,3,5000.0,14499
REDMI,Black,4.2,2358,179,6 GB RAM ,128 GB ROM,Expandable Upto 1 TB,Mediatek processor,6.43,1,5000.0,15990
SAMSUNG,Green,4.2,508,39,4 GB RAM ,64 GB ROM,Expandable Upto 1 TB,Mediatek processor,6.5,3,5000.0,9149
REDMI,Other,4.3,10760,1173,6 GB RAM ,128 GB ROM,Expandable Upto 1 TB,Mediatek processor,6.67,4,5000.0,24999
SAMSUNG,Other,4.0,2861,246,2 GB RAM ,32 GB ROM,Expandable Upto 1 TB,Mediatek processor,6.5,1,5000.0,6768
Infinix,Blue,3.4,221,16,4 GB RAM ,64 GB ROM,Expandable Upto 128 GB,Other processor,6.5,2,5000.0,8499
itel,Blue,4.3,264,18,2 GB RAM ,32 GB ROM,Expandable Upto 1 TB,Mediatek processor,6.6,1,5000.0,5849
itel,Black,4.3,264,18,2 GB RAM ,32 GB ROM,Expandable Upto 1 TB,Mediatek processor,6.6,1,5000.0,5843
REDMI,Blue,4.3,4484,474,8 GB RAM ,256 GB ROM,Expandable Upto 1 TB,Mediatek processor,6.67,4,5000.0,27999
Micromax,Brown,4.2,3459,398,3 GB RAM ,32 GB ROM,Expandable Upto 256 GB,Unisoc processor,6.52,2,5000.0,5999
Infinix,Black,4.3,113057,8289,4 GB RAM ,64 GB ROM,Expandable Upto 256 GB,Unisoc processor,6.82,2,6000.0,8999
Infinix,Yellow,4.3,113057,8289,4 GB RAM ,64 GB ROM,Expandable Upto 256 GB,Unisoc processor,6.82,2,6000.0,8999
SAMSUNG,Other,4.6,439,82,8 GB RAM ,256 GB ROM,Expandable Upto 1 TB,Qualcomm processor,6.1,4,3900.0,79999
REDMI,Blue,4.2,174,13,6 GB RAM ,128 GB ROM,Expandable Upto 1 TB,Mediatek processor,6.67,1,5000.0,20999
SAMSUNG,Black,4.2,181,9,4 GB RAM ,64 GB ROM,Expandable Upto 1 TB,Other processor,6.6,3,5000.0,16499
vivo,Blue,4.7,78,6,12 GB RAM ,256 GB ROM,Expandable Upto 1 TB,Mediatek processor,6.78,4,4600.0,42999
vivo,Blue,4.6,353,60,8 GB RAM ,128 GB ROM,Expandable Upto 1 TB,Mediatek processor,6.78,4,4600.0,37999
vivo,Black,4.6,353,60,8 GB RAM ,128 GB ROM,Expandable Upto 1 TB,Mediatek processor,6.78,4,4600.0,37999
POCO,Yellow,4.3,154378,13840,6 GB RAM ,64 GB ROM,Expandable Upto 1 TB,Mediatek processor,6.43,4,5000.0,12999
APPLE,Other,4.7,18135,782,4 GB RAM ,128 GB ROM,Expandable Upto 1 TB,Mediatek processor,6.1,3,5000.0,71999
MOTOROLA,Green,4.1,4677,656,8 GB RAM ,128 GB ROM,Expandable Upto 1 TB,Qualcomm processor,6.55,4,4020.0,24999
realme,Grey,4.4,297117,14004,2 GB RAM ,32 GB ROM,Expandable Upto 256 GB,Mediatek processor,6.5,2,5000.0,7499
REDMI,Green,4.2,5167,342,6 GB RAM ,128 GB ROM,Expandable Upto 512 GB,Mediatek processor,6.53,3,5000.0,11499
REDMI,White,4.2,12900,888,6 GB RAM ,128 GB ROM,Expandable Upto 512 GB,Helio processor,6.5,5,6000.0,14999
REDMI,Blue,4.2,6907,403,4 GB RAM ,64 GB ROM,Expandable Upto 1 TB,Mediatek processor,6.53,1,5000.0,9500
OPPO,Blue,4.4,63545,4702,8 GB RAM ,128 GB ROM,Expandable Upto 1 TB,Mediatek processor,6.56,3,5000.0,25999
vivo,Green,4.3,736,44,6 GB RAM ,128 GB ROM,Expandable Upto 1 TB,Mediatek processor,6.55,3,5000.0,16499
vivo,Other,4.3,64691,5115,4 GB RAM ,128 GB ROM,Expandable Upto 1 TB,Other processor,6.58,4,5000.0,15990
itel,Black,3.6,102,6,2 GB RAM ,32 GB ROM,Expandable Upto 1 TB,Mediatek processor,6.6,1,3020.0,4699
realme,Yellow,4.3,5635,409,6 GB RAM ,128 GB ROM,Expandable Upto 1 TB,Mediatek processor,6.6,4,5000.0,16999
REDMI,Black,4.2,1091,140,6 GB RAM ,128 GB ROM,Expandable Upto 1 TB,Mediatek processor,6.6,1,5080.0,23490
REDMI,Black,4.3,4484,474,8 GB RAM ,256 GB ROM,Expandable Upto 1 TB,Mediatek processor,6.67,4,5000.0,27999
IQOO,Black,4.2,958,67,6 GB RAM ,128 GB ROM,Expandable Upto 1 TB,Mediatek processor,6.44,6,5000.0,16369
IQOO,Green,4.2,368,25,4 GB RAM ,64 GB ROM,Expandable Upto 1 TB,Mediatek processor,6.68,1,5000.0,14199
APPLE,Other,4.7,18135,782,4 GB RAM ,256 GB ROM,Expandable Upto 1 TB,Mediatek processor,6.1,3,5000.0,81999
SAMSUNG,Silver,4.3,97,5,6 GB RAM ,128 GB ROM,Expandable Upto 1 TB,Qualcomm processor,6.6,3,5000.0,22999
REDMI,Blue,4.2,2358,179,6 GB RAM ,128 GB ROM,Expandable Upto 1 TB,Mediatek processor,6.43,1,5000.0,15990
POCO,Yellow,4.4,2009,245,8 GB RAM ,256 GB ROM,Expandable Upto 1 TB,Qualcomm processor,6.67,4,5000.0,24999
Infinix,Green,4.3,113016,8282,4 GB RAM ,64 GB ROM,Expandable Upto 256 GB,Unisoc processor,6.82,2,6000.0,8999
REDMI,Black,4.1,681,50,2 GB RAM ,32 GB ROM,Expandable Upto 512 GB,Mediatek processor,6.52,2,5000.0,7499
Infinix,Green,4.3,30592,2093,2 GB RAM ,64 GB ROM,Expandable Upto 512 GB,Mediatek processor,6.6,2,5000.0,7499
Infinix,Black,4.3,30592,2093,2 GB RAM ,64 GB ROM,Expandable Upto 512 GB,Mediatek processor,6.6,2,5000.0,7499
realme,Blue,4.4,297095,14004,2 GB RAM ,32 GB ROM,Expandable Upto 256 GB,Mediatek processor,6.5,2,5000.0,7499
Redmi,Blue,4.2,6291,456,3 GB RAM ,32 GB ROM,Expandable Upto 1 TB,Mediatek processor,6.53,1,5000.0,7365
vivo,Grey,4.3,272,13,3 GB RAM ,32 GB ROM,Expandable Upto 1 TB,Mediatek processor,6.51,2,5000.0,8999
MOTOROLA,White,4.2,11183,1342,4 GB RAM ,64 GB ROM,Expandable Upto 1 TB,Qualcomm processor,6.6,4,5000.0,10999
MOTOROLA,Other,4.2,56533,6076,6 GB RAM ,128 GB ROM,Expandable Upto 1 TB,Qualcomm processor,6.78,4,6000.0,16499
Infinix,Orange,4.1,190,29,8 GB RAM ,128 GB ROM,Expandable Upto 256 GB,Mediatek processor,6.78,4,5000.0,16999
vivo,Other,4.3,2007,152,8 GB RAM ,128 GB ROM,Expandable Upto 1 TB,Mediatek processor,6.44,4,4050.0,19990
SAMSUNG,Blue,4.2,508,39,4 GB RAM ,128 GB ROM,Expandable Upto 1 TB,Mediatek processor,6.5,2,5000.0,10278
realme,Other,4.4,11122,898,6 GB RAM ,128 GB ROM,Expandable Upto 1 TB,Qualcomm processor,6.72,3,5000.0,18999
OPPO,Orange,4.4,2814,200,8 GB RAM ,128 GB ROM,Expandable Upto 1 TB,Mediatek processor,6.43,1,4500.0,20999
POCO,Black,4.3,12162,1734,6 GB RAM ,128 GB ROM,Expandable Upto 1 TB,Qualcomm processor,6.67,4,4500.0,25999
MOTOROLA,Blue,3.8,30286,3530,4 GB RAM ,64 GB ROM,Expandable Upto 1 TB,Mediatek processor,6.5,5,5000.0,10999
POCO,Black,4.4,2043,250,8 GB RAM ,256 GB ROM,Expandable Upto 1 TB,Qualcomm processor,6.67,4,5000.0,24999
realme,Other,4.4,11122,898,6 GB RAM ,128 GB ROM,Expandable Upto 1 TB,Qualcomm processor,6.72,3,5000.0,18999
vivo,Yellow,4.3,149,14,8 GB RAM ,128 GB ROM,Expandable Upto 1 TB,Mediatek processor,6.38,4,4500.0,24999
vivo,Blue,4.3,149,14,8 GB RAM ,128 GB ROM,Expandable Upto 1 TB,Mediatek processor,6.38,4,4500.0,24999
Motorola,Blue,4.0,1365,226,8 GB RAM ,128 GB ROM,Expandable Upto 1 TB,Qualcomm processor,6.417,4,4800.0,40999
Infinix,Black,4.0,357,68,8 GB RAM ,256 GB ROM,Expandable Upto 256 GB,Mediatek processor,6.78,4,5000.0,19999
Tecno,Black,4.1,829,49,6 GB RAM ,128 GB ROM,Expandable Upto 512 GB,Mediatek processor,6.6,2,5000.0,9990
Infinix,Black,4.2,12607,1210,6 GB RAM ,128 GB ROM,Expandable Upto 512 GB,Mediatek processor,6.7,3,5000.0,12999
vivo,Blue,4.4,1582,108,4 GB RAM ,128 GB ROM,Expandable Upto 1 TB,Qualcomm processor,6.58,4,5000.0,15499
SAMSUNG,Orange,4.3,97,5,6 GB RAM ,128 GB ROM,Expandable Upto 1 TB,Qualcomm processor,6.6,3,5000.0,22999
vivo,Black,4.3,64691,5115,4 GB RAM ,128 GB ROM,Expandable Upto 1 TB,Qualcomm processor,6.58,4,5000.0,15990
oppo,Yellow,4.5,1242,32,3 GB RAM ,64 GB ROM,Expandable Upto 1 TB,Other processor,6.56,2,5000.0,9699
REDMI,Blue,4.1,682,50,2 GB RAM ,32 GB ROM,Expandable Upto 512 GB,Mediatek processor,6.52,2,5000.0,7499
REDMI,Green,4.2,31846,2431,6 GB RAM ,128 GB ROM,Expandable Upto 1 TB,Mediatek processor,6.56,4,5000.0,14999
IQOO,Other,4.4,1063,130,8 GB RAM ,128 GB ROM,Expandable Upto 1 TB,Mediatek processor,6.62,6,4700.0,29999
APPLE,Other,4.7,193738,10619,4 GB RAM ,256 GB ROM,Expandable Upto 1 TB,Mediatek processor,6.1,3,5000.0,79900
itel,Blue,4.2,612,34,2 GB RAM ,32 GB ROM,Expandable Upto 128 GB,Other processor,6.6,2,4000.0,5699
itel,Other,4.2,612,34,2 GB RAM ,32 GB ROM,Expandable Upto 128 GB,Other processor,6.6,2,4000.0,5699
APPLE,Other,4.7,4616,346,4 GB RAM ,256 GB ROM,Expandable Upto 1 TB,Mediatek processor,6.7,3,5000.0,89999
SAMSUNG,Blue,4.2,2645,169,4 GB RAM ,64 GB ROM,Expandable Upto 1 TB,Mediatek processor,6.6,1,6000.0,10888
Infinix,Other,4.3,30592,2093,2 GB RAM ,64 GB ROM,Expandable Upto 512 GB,Mediatek processor,6.6,2,5000.0,7499
OPPO,Blue,4.3,38,3,8 GB RAM ,128 GB ROM,Expandable Upto 1 TB,Mediatek processor,6.56,1,5000.0,19190
Infinix,Other,4.3,30592,2093,2 GB RAM ,64 GB ROM,Expandable Upto 512 GB,Mediatek processor,6.6,2,5000.0,7499
Micromax,Blue,3.9,22380,3409,4 GB RAM ,64 GB ROM,Expandable Upto 256 GB,Other processor,6.52,3,5000.0,6999
APPLE,Other,4.7,18135,782,4 GB RAM ,256 GB ROM,Expandable Upto 1 TB,Mediatek processor,6.1,3,5000.0,81999
REDMI,Silver,4.2,272,18,6 GB RAM ,128 GB ROM,Expandable Upto 1 TB,Mediatek processor,6.58,1,5000.0,17999
itel,Black,4.1,531,54,3 GB RAM ,64 GB ROM,Expandable Upto 128 GB,Unisoc processor,6.6,2,5000.0,6799
REDMI,Black,4.2,9882,681,4 GB RAM ,64 GB ROM,Expandable Upto 1 TB,Mediatek processor,6.53,1,5000.0,9200
REDMI,White,4.2,1141,101,8 GB RAM ,128 GB ROM,Expandable Upto 1 TB,Mediatek processor,6.43,1,5000.0,17190
SAMSUNG,Blue,4.4,19,2,3 GB RAM ,64 GB ROM,Expandable Upto 1 TB,Mediatek processor,6.5,3,5000.0,9999
Tecno,Black,4.3,147,14,4 GB RAM ,64 GB ROM,Expandable Upto 1 TB,Mediatek processor,6.8,1,5000.0,9750
realme,Black,3.9,281,17,4 GB RAM ,128 GB ROM,Expandable Upto 1 TB,Mediatek processor,6.6,1,5000.0,11978
realme,Green,4.3,14546,1168,8 GB RAM ,128 GB ROM,Expandable Upto 256 GB,Qualcomm processor,6.6,4,5000.0,20999
REDMI,Black,4.2,5167,342,6 GB RAM ,128 GB ROM,Expandable Upto 512 GB,Mediatek processor,6.53,3,5000.0,11499
REDMI,Blue,4.3,1060,89,6 GB RAM ,64 GB ROM,Expandable Upto 1 TB,Mediatek processor,6.43,1,5000.0,12740
REDMI,Blue,4.3,6165,721,8 GB RAM ,256 GB ROM,Expandable Upto 1 TB,Mediatek processor,6.67,4,4980.0,29999
SAMSUNG,Other,4.4,37534,3687,8 GB RAM ,128 GB ROM,Expandable Upto 1 TB,Mediatek processor,6.4,4,4500.0,34999
vivo,Yellow,4.4,2601,182,8 GB RAM ,128 GB ROM,Expandable Upto 1 TB,Mediatek processor,6.58,4,5000.0,16650
Infinix,Yellow,4.2,1761,250,8 GB RAM ,128 GB ROM,Expandable Upto 2 TB,Mediatek processor,6.7,4,4500.0,16999
vivo,Silver,4.3,2168,165,4 GB RAM ,64 GB ROM,Expandable Upto 1 TB,Mediatek processor,6.51,3,5000.0,13499
SAMSUNG,Black,4.6,439,82,8 GB RAM ,256 GB ROM,Expandable Upto 1 TB,Qualcomm processor,6.1,4,3900.0,79999
APPLE,Other,4.6,187339,12755,4 GB RAM ,64 GB ROM,Expandable Upto 1 TB,Other processor,6.1,3,5000.0,53999
OPPO,Yellow,4.1,410,29,8 GB RAM ,128 GB ROM,Expandable Upto 1 TB,Mediatek processor,6.43,5,4500.0,24680
SAMSUNG,Red,3.9,271,21,6 GB RAM ,128 GB ROM,Expandable Upto 1 TB,Other processor,6.6,3,5000.0,18999
realme,Green,4.5,122536,4895,2 GB RAM ,32 GB ROM,Expandable Upto 256 GB,Other processor,6.5,2,5000.0,7142
SAMSUNG,Green,3.9,271,21,6 GB RAM ,128 GB ROM,Expandable Upto 1 TB,Other processor,6.6,3,5000.0,18999
REDMI,Grey,4.3,6616,441,6 GB RAM ,128 GB ROM,Expandable Upto 512 GB,Mediatek processor,6.53,5,5020.0,14999
Infinix,Black,4.2,7942,994,8 GB RAM ,128 GB ROM,Expandable Upto 512 GB,Mediatek processor,6.7,3,5000.0,13999
Infinix,Blue,4.2,7942,994,8 GB RAM ,128 GB ROM,Expandable Upto 512 GB,Mediatek processor,6.7,3,5000.0,13999
MOTOROLA,Other,4.2,134019,13545,6 GB RAM ,128 GB ROM,Expandable Upto 1 TB,Qualcomm processor,6.78,4,6000.0,15999
OPPO,Blue,4.3,854,69,4 GB RAM ,128 GB ROM,Expandable Upto 256 GB,Mediatek processor,6.51,4,5000.0,13999
MOTOROLA,White,4.2,7515,954,6 GB RAM ,128 GB ROM,Expandable Upto 1 TB,Qualcomm processor,6.6,4,5000.0,19999
APPLE,Other,4.7,18135,782,4 GB RAM ,256 GB ROM,Expandable Upto 1 TB,Mediatek processor,6.1,3,5000.0,81999
realme,Silver,4.4,62550,2962,4 GB RAM ,64 GB ROM,Expandable Upto 1 TB,Unisoc processor,6.52,4,5000.0,9999
itel,Blue,3.6,102,6,2 GB RAM ,32 GB ROM,Expandable Upto 1 TB,Mediatek processor,6.6,1,3020.0,4699
POCO,Black,4.3,3286,248,4 GB RAM ,64 GB ROM,Expandable Upto 512 GB,Mediatek processor,6.58,4,5000.0,10999
REDMI,Blue,4.2,12900,888,6 GB RAM ,128 GB ROM,Expandable Upto 512 GB,Helio processor,6.5,5,6000.0,14999
REDMI,Black,4.2,12900,888,6 GB RAM ,128 GB ROM,Expandable Upto 512 GB,Helio processor,6.5,5,6000.0,14999
SAMSUNG,Green,4.2,2645,169,4 GB RAM ,64 GB ROM,Expandable Upto 1 TB,Mediatek processor,6.6,1,6000.0,11129
POCO,Yellow,4.3,3286,248,4 GB RAM ,64 GB ROM,Expandable Upto 512 GB,Mediatek processor,6.58,4,5000.0,10999
OPPO,Yellow,4.4,2283,110,4 GB RAM ,64 GB ROM,Expandable Upto 1 TB,Mediatek processor,6.56,3,5000.0,13999
itel,Blue,4.2,612,34,2 GB RAM ,32 GB ROM,Expandable Upto 128 GB,Other processor,6.6,2,4000.0,5699
REDMI,Black,4.3,577732,33897,4 GB RAM ,64 GB ROM,Expandable Upto 512 GB,Mediatek processor,6.53,2,5000.0,7499
APPLE,Blue,4.7,18135,782,4 GB RAM ,256 GB ROM,Expandable Upto 1 TB,Mediatek processor,6.1,3,5000.0,81999
OnePlus,Black,4.4,128,12,8 GB RAM ,128 GB ROM,Expandable Upto 1 TB,Mediatek processor,6.7,1,5000.0,33999
APPLE,Other,4.7,193738,10619,4 GB RAM ,256 GB ROM,Expandable Upto 1 TB,Mediatek processor,6.1,3,5000.0,79900
realme,White,4.5,39024,2211,4 GB RAM ,64 GB ROM,Expandable Upto 1 TB,Mediatek processor,6.5,4,5000.0,15999
realme,White,4.4,48745,3155,6 GB RAM ,128 GB ROM,Expandable Upto 1 TB,Mediatek processor,6.5,4,5000.0,17499
realme,Black,4.5,39024,2211,4 GB RAM ,64 GB ROM,Expandable Upto 1 TB,Mediatek processor,6.5,4,5000.0,15999
realme,Black,4.5,39024,2211,4 GB RAM ,64 GB ROM,Expandable Upto 1 TB,Mediatek processor,6.5,4,5000.0,15999
REDMI,White,4.3,6165,721,8 GB RAM ,256 GB ROM,Expandable Upto 1 TB,Mediatek processor,6.67,4,4980.0,29999
SAMSUNG,Green,4.1,762,49,4 GB RAM ,128 GB ROM,Expandable Upto 1 TB,Exynos processor,6.6,5,5000.0,15999
realme,Black,4.4,147456,7085,4 GB RAM ,64 GB ROM,Expandable Upto 256 GB,Mediatek processor,6.5,4,5000.0,10499
realme,Blue,4.4,71775,3909,3 GB RAM ,32 GB ROM,Expandable Upto 256 GB,Mediatek processor,6.5,4,5000.0,9499
realme,Black,4.4,71775,3909,3 GB RAM ,32 GB ROM,Expandable Upto 256 GB,Mediatek processor,6.5,4,5000.0,9499
SAMSUNG,Other,4.4,36,10,8 GB RAM ,256 GB ROM,Expandable Upto 1 TB,Qualcomm processor,6.6,4,4700.0,94999
REDMI,White,4.2,7483,688,8 GB RAM ,128 GB ROM,Expandable Upto 512 GB,Mediatek processor,6.43,5,5000.0,16499
REDMI,Other,4.3,42468,3969,6 GB RAM ,128 GB ROM,Expandable Upto 512 GB,Qualcomm processor,6.67,5,5020.0,17999
realme,Black,4.4,70017,5723,8 GB RAM ,128 GB ROM,Expandable Upto 1 TB,Mediatek processor,6.5,4,5000.0,18499
POCO,Black,4.3,2873,412,12 GB RAM ,256 GB ROM,Expandable Upto 1 TB,Qualcomm processor,6.67,4,4500.0,29999
Micromax,White,4.1,49245,8220,4 GB RAM ,64 GB ROM,Expandable Upto 256 GB,Mediatek processor,6.67,5,5000.0,11499
MOTOROLA,Grey,4.3,2744,473,8 GB RAM ,128 GB ROM,Expandable Upto 1 TB,Qualcomm processor,6.55,4,4400.0,39999
realme,Other,4.5,172913,10840,4 GB RAM ,64 GB ROM,Expandable Upto 256 GB,Mediatek processor,6.6,4,5000.0,13999
realme,Blue,3.9,277,17,4 GB RAM ,128 GB ROM,Expandable Upto 1 TB,Mediatek processor,6.6,1,5000.0,12500
OPPO,Green,4.3,853,69,4 GB RAM ,128 GB ROM,Expandable Upto 256 GB,Mediatek processor,6.51,4,5000.0,13999
SAMSUNG,White,4.4,37451,3677,8 GB RAM ,128 GB ROM,Expandable Upto 1 TB,Mediatek processor,6.4,4,4500.0,34999
SAMSUNG,Other,4.4,37451,3677,8 GB RAM ,128 GB ROM,Expandable Upto 1 TB,Mediatek processor,6.4,4,4500.0,34999
realme,Blue,4.5,125864,7469,4 GB RAM ,64 GB ROM,Expandable Upto 1 TB,Qualcomm processor,6.6,4,5000.0,13499
realme,Black,4.5,125878,7469,4 GB RAM ,64 GB ROM,Expandable Upto 1 TB,Qualcomm processor,6.6,4,5000.0,13499
MOTOROLA,Green,4.2,6039,666,4 GB RAM ,64 GB ROM,Expandable Upto 1 TB,Qualcomm processor,6.47,4,5000.0,13999
APPLE,Red,4.7,18135,782,4 GB RAM ,128 GB ROM,Expandable Upto 1 TB,Mediatek processor,6.1,3,5000.0,71999
MOTOROLA,Blue,4.1,83897,7439,4 GB RAM ,64 GB ROM,Expandable Upto 1 TB,Mediatek processor,6.51,3,5000.0,8999
APPLE,Black,4.6,187339,12755,4 GB RAM ,64 GB ROM,Expandable Upto 1 TB,Other processor,6.1,3,5000.0,53999
Infinix,Other,4.2,1761,250,8 GB RAM ,128 GB ROM,Expandable Upto 2 TB,Mediatek processor,6.7,4,4500.0,16999
IQOO,Other,4.4,429,56,12 GB RAM ,256 GB ROM,Expandable Upto 1 TB,Mediatek processor,6.62,6,4700.0,34000
LAVA,Blue,3.2,408,35,2 GB RAM ,16 GB ROM,Expandable Upto 256 GB,Unisoc processor,6.6,2,3100.0,4699
realme,Blue,4.5,39024,2211,4 GB RAM ,64 GB ROM,Expandable Upto 1 TB,Mediatek processor,6.5,4,5000.0,15999
REDMI,Black,4.3,6616,441,6 GB RAM ,128 GB ROM,Expandable Upto 512 GB,Mediatek processor,6.53,5,5020.0,14999
realme,Silver,4.5,46856,1851,3 GB RAM ,32 GB ROM,Expandable Upto 1 TB,Unisoc processor,6.52,4,5000.0,9299
Redmi,Black,3.9,19,1,6 GB RAM ,128 GB ROM,Expandable Upto 1 TB,Mediatek processor,6.5,1,6000.0,16999
MOTOROLA,Other,4.2,6039,666,4 GB RAM ,64 GB ROM,Expandable Upto 1 TB,Qualcomm processor,6.47,4,5000.0,13999
REDMI,White,4.3,3113,258,8 GB RAM ,128 GB ROM,Expandable Upto 1 TB,Mediatek processor,6.6,1,5000.0,19200
Tecno,Blue,4.2,110,15,8 GB RAM ,128 GB ROM,Expandable Upto 2 TB,Mediatek processor,6.82,2,6000.0,13949
itel,Green,4.1,531,54,3 GB RAM ,64 GB ROM,Expandable Upto 128 GB,Unisoc processor,6.6,2,5000.0,6911
SAMSUNG,Green,4.6,439,82,8 GB RAM ,256 GB ROM,Expandable Upto 1 TB,Qualcomm processor,6.1,4,3900.0,79999
SAMSUNG,Other,4.2,859,59,6 GB RAM ,128 GB ROM,Expandable Upto 1 TB,Exynos processor,6.6,2,5000.0,18499
MOTOROLA,Red,4.2,72662,6836,4 GB RAM ,64 GB ROM,Expandable Upto 1 TB,Unisoc processor,6.5,4,5000.0,8499
REDMI,Green,4.2,1467,97,4 GB RAM ,64 GB ROM,Expandable Upto 1 TB,Mediatek processor,6.58,1,5000.0,13773
realme,Blue,4.4,82314,6887,6 GB RAM ,128 GB ROM,Expandable Upto 256 GB,Qualcomm processor,6.6,4,5000.0,18999
realme,Black,4.4,82314,6887,6 GB RAM ,128 GB ROM,Expandable Upto 256 GB,Qualcomm processor,6.6,4,5000.0,18999
SAMSUNG,Blue,4.2,4321,379,6 GB RAM ,128 GB ROM,Expandable Upto 1 TB,Mediatek processor,6.4,1,6000.0,15490
SAMSUNG,Other,4.4,37534,3687,8 GB RAM ,128 GB ROM,Expandable Upto 1 TB,Mediatek processor,6.4,4,4500.0,34999
Nokia,Blue,3.8,4453,384,2 GB RAM ,16 GB ROM,Expandable Upto 1 TB,Unisoc processor,5.45,2,3000.0,5499
Infinix,Black,4.3,78936,5382,2 GB RAM ,32 GB ROM,Expandable Upto 256 GB,Mediatek processor,6.52,2,5000.0,7199
Infinix,Other,4.3,78936,5382,2 GB RAM ,32 GB ROM,Expandable Upto 256 GB,Mediatek processor,6.52,2,5000.0,7199
OPPO,Blue,4.4,105276,7689,6 GB RAM ,128 GB ROM,Expandable Upto 1 TB,Qualcomm processor,6.59,4,5000.0,13990
vivo,Silver,4.3,1872,140,4 GB RAM ,64 GB ROM,Expandable Upto 1 TB,Mediatek processor,6.51,1,5000.0,12989
OPPO,Black,4.4,105276,7689,6 GB RAM ,128 GB ROM,Expandable Upto 1 TB,Qualcomm processor,6.59,4,5000.0,13990
Infinix,Silver,4.3,16177,1379,4 GB RAM ,64 GB ROM,Expandable Upto 256 GB,Mediatek processor,6.6,2,5200.0,9999
Infinix,Green,4.2,1761,250,8 GB RAM ,128 GB ROM,Expandable Upto 2 TB,Mediatek processor,6.7,4,4500.0,16999
APPLE,Red,4.7,4616,346,4 GB RAM ,128 GB ROM,Expandable Upto 1 TB,Mediatek processor,6.7,3,5000.0,79999
REDMI,Black,4.2,93,8,4 GB RAM ,64 GB ROM,Expandable Upto 1 TB,Mediatek processor,6.58,1,5000.0,11320
itel,Blue,3.6,102,6,2 GB RAM ,32 GB ROM,Expandable Upto 1 TB,Mediatek processor,6.6,1,3020.0,4699
REDMI,Green,4.0,45,3,6 GB RAM ,128 GB ROM,Expandable Upto 1 TB,Mediatek processor,6.58,1,5000.0,13570
POCO,Black,4.2,13556,1097,8 GB RAM ,128 GB ROM,Expandable Upto 1 TB,Mediatek processor,6.6,3,5000.0,18999
SAMSUNG,Other,3.9,16,2,4 GB RAM ,128 GB ROM,Expandable Upto 1 TB,Mediatek processor,6.5,3,5000.0,12999
SAMSUNG,Brown,4.0,324,17,4 GB RAM ,64 GB ROM,Expandable Upto 1 TB,Mediatek processor,6.5,1,5000.0,12537
OPPO,Black,4.3,35154,4477,8 GB RAM ,128 GB ROM,Expandable Upto 1 TB,Mediatek processor,6.43,4,4500.0,29999
OPPO,Yellow,4.3,35154,4477,8 GB RAM ,128 GB ROM,Expandable Upto 1 TB,Mediatek processor,6.43,4,4500.0,29999
OPPO,Black,4.1,410,29,8 GB RAM ,128 GB ROM,Expandable Upto 1 TB,Qualcomm processor,6.43,5,4500.0,24880
realme,Silver,4.4,121813,9946,6 GB RAM ,128 GB ROM,Expandable Upto 256 GB,Mediatek processor,6.4,5,5000.0,16999
Redmi,Orange,4.2,26945,1531,4 GB RAM ,64 GB ROM,Expandable Upto 1 TB,Mediatek processor,6.53,3,5000.0,10408
realme,Blue,4.5,26545,1576,6 GB RAM ,128 GB ROM,Expandable Upto 1 TB,Qualcomm processor,6.6,4,5000.0,15999
Tecno,Blue,4.3,835,57,2 GB RAM ,32 GB ROM,Expandable Upto 1 TB,Helio processor,6.56,1,5000.0,6865
Tecno,Blue,4.1,931,62,4 GB RAM ,64 GB ROM,Expandable Upto 256 GB,Mediatek processor,6.56,2,5000.0,9449
realme,Blue,4.4,339834,22033,4 GB RAM ,128 GB ROM,Expandable Upto 256 GB,Mediatek processor,6.5,4,6000.0,12499
realme,Grey,4.5,46952,2235,4 GB RAM ,128 GB ROM,Expandable Upto 1 TB,Unisoc processor,6.5,4,5000.0,11999
REDMI,White,4.3,45027,3249,4 GB RAM ,64 GB ROM,Expandable Upto 1 TB,Mediatek processor,6.56,4,5000.0,12999
Infinix,Blue,4.3,78936,5382,2 GB RAM ,32 GB ROM,Expandable Upto 256 GB,Mediatek processor,6.52,2,5000.0,7199
realme,Black,4.5,254496,9532,4 GB RAM ,64 GB ROM,Expandable Upto 256 GB,Unisoc processor,6.5,4,5000.0,10499
realme,Blue,4.5,254496,9532,4 GB RAM ,64 GB ROM,Expandable Upto 256 GB,Unisoc processor,6.5,4,5000.0,10499
MOTOROLA,Other,4.2,134019,13545,6 GB RAM ,128 GB ROM,Expandable Upto 1 TB,Qualcomm processor,6.8,4,6000.0,15999
Redmi,Yellow,4.3,389006,28121,2 GB RAM ,32 GB ROM,Expandable Upto 256 GB,Qualcomm processor,5.45,2,4000.0,6999
SAMSUNG,Black,4.3,271,23,4 GB RAM ,64 GB ROM,Expandable Upto 1 TB,Mediatek processor,6.4,1,6000.0,12848
vivo,White,4.4,1582,108,4 GB RAM ,128 GB ROM,Expandable Upto 1 TB,Qualcomm processor,6.58,4,5000.0,15499
Tecno,Blue,4.1,763,56,6 GB RAM ,128 GB ROM,Expandable Upto 256 GB,Helio processor,6.8,2,6000.0,10799
REDMI,Other,4.2,9877,681,4 GB RAM ,64 GB ROM,Expandable Upto 1 TB,Mediatek processor,6.53,1,5000.0,9499
REDMI,Blue,4.2,7483,688,8 GB RAM ,128 GB ROM,Expandable Upto 512 GB,Mediatek processor,6.43,5,5000.0,16499
IQOO,Other,4.4,1063,130,8 GB RAM ,128 GB ROM,Expandable Upto 1 TB,Mediatek processor,6.62,1,4700.0,30499
Tecno,Silver,4.3,835,57,2 GB RAM ,32 GB ROM,Expandable Upto 1 TB,Helio processor,6.56,1,5000.0,6899
SAMSUNG,Other,4.6,405,75,8 GB RAM ,256 GB ROM,Expandable Upto 1 TB,Qualcomm processor,6.1,4,3900.0,79999
realme,Black,4.3,50,2,4 GB RAM ,64 GB ROM,Expandable Upto 1 TB,Mediatek processor,6.6,1,5000.0,14880
APPLE,Green,4.6,187339,12755,4 GB RAM ,64 GB ROM,Expandable Upto 1 TB,Other processor,6.1,3,5000.0,53999
IQOO,Other,4.4,429,56,12 GB RAM ,256 GB ROM,Expandable Upto 1 TB,Mediatek processor,6.62,1,4700.0,33499
Redmi,Black,4.3,21567,1289,2 GB RAM ,32 GB ROM,Expandable Upto 1 TB,Mediatek processor,6.53,1,5000.0,7700
Redmi,Green,4.3,21567,1289,2 GB RAM ,32 GB ROM,Expandable Upto 1 TB,Mediatek processor,6.53,1,5000.0,7450
realme,Black,4.4,30118,3336,8 GB RAM ,128 GB ROM,Expandable Upto 1 TB,Mediatek processor,6.4,4,4500.0,26999
IQOO,Black,4.2,958,67,6 GB RAM ,128 GB ROM,Expandable Upto 1 TB,Mediatek processor,6.44,1,5000.0,16399
SAMSUNG,Brown,4.1,851,54,6 GB RAM ,128 GB ROM,Expandable Upto 1 TB,Mediatek processor,6.5,1,5000.0,14789
REDMI,Black,4.0,859,55,6 GB RAM ,128 GB ROM,Expandable Upto 1 TB,Mediatek processor,6.53,1,5000.0,10990
realme,Black,4.4,121813,9946,6 GB RAM ,128 GB ROM,Expandable Upto 256 GB,Mediatek processor,6.4,5,5000.0,16999
Google,Black,4.4,2875,447,8 GB RAM ,128 GB ROM,Expandable Upto 1 TB,Other processor,6.3,3,4270.0,56999
Google,Other,4.4,2875,447,8 GB RAM ,128 GB ROM,Expandable Upto 1 TB,Other processor,6.3,3,4270.0,56999
Google,Other,4.4,2875,447,8 GB RAM ,128 GB ROM,Expandable Upto 1 TB,Other processor,6.3,3,4270.0,56999
SAMSUNG,Green,3.9,16,2,4 GB RAM ,128 GB ROM,Expandable Upto 1 TB,Mediatek processor,6.5,3,5000.0,12999
realme,Blue,3.9,36,2,4 GB RAM ,64 GB ROM,Expandable Upto 512 GB,Mediatek processor,6.6,2,5000.0,10837
REDMI,Silver,4.3,339,47,8 GB RAM ,256 GB ROM,Expandable Upto 1 TB,Mediatek processor,6.6,1,5080.0,25949
Infinix,Green,4.3,16177,1379,4 GB RAM ,64 GB ROM,Expandable Upto 256 GB,Mediatek processor,6.6,2,5200.0,9999
realme,Black,4.6,90584,3087,3 GB RAM ,32 GB ROM,Expandable Upto 256 GB,Unisoc processor,6.5,4,5000.0,9499
realme,Blue,4.6,90584,3087,3 GB RAM ,32 GB ROM,Expandable Upto 256 GB,Unisoc processor,6.5,4,5000.0,9499
REDMI,Black,4.2,1213,88,6 GB RAM ,128 GB ROM,Expandable Upto 1 TB,Mediatek processor,6.67,1,5000.0,18999
SAMSUNG,Blue,3.7,116,14,8 GB RAM ,128 GB ROM,Expandable Upto 1 TB,Mediatek processor,6.7,1,5000.0,29990
vivo,Black,4.4,2601,182,8 GB RAM ,128 GB ROM,Expandable Upto 1 TB,Qualcomm processor,6.58,4,5000.0,17099
REDMI,White,4.3,1060,89,6 GB RAM ,128 GB ROM,Expandable Upto 1 TB,Mediatek processor,6.43,1,5000.0,18999
vivo,Other,4.3,2007,152,8 GB RAM ,128 GB ROM,Expandable Upto 1 TB,Mediatek processor,6.44,4,4050.0,19399
realme,Blue,4.3,76575,6059,6 GB RAM ,128 GB ROM,Expandable Upto 256 GB,Mediatek processor,6.5,4,5000.0,15499
ASUS,Black,4.2,975,140,8 GB RAM ,128 GB ROM,Expandable Upto 1 TB,Qualcomm processor,6.78,4,6000.0,39999
REDMI,Other,4.2,93,8,4 GB RAM ,64 GB ROM,Expandable Upto 1 TB,Mediatek processor,6.58,1,5000.0,11430
realme,Grey,4.4,50843,2940,4 GB RAM ,64 GB ROM,Expandable Upto 256 GB,Mediatek processor,6.5,4,6000.0,10990
realme,Other,4.3,2524,232,8 GB RAM ,128 GB ROM,Expandable Upto 1 TB,Qualcomm processor,6.6,4,5000.0,22999
realme,Other,4.3,2524,232,8 GB RAM ,128 GB ROM,Expandable Upto 1 TB,Qualcomm processor,6.6,4,5000.0,22999
OPPO,Blue,4.5,1242,32,3 GB RAM ,64 GB ROM,Expandable Upto 2 TB,Mediatek processor,6.56,2,5000.0,9999
Tecno,Green,4.2,284,26,6 GB RAM ,128 GB ROM,Expandable Upto 512 GB,Mediatek processor,6.8,3,5000.0,14699
APPLE,Other,4.7,4616,346,4 GB RAM ,256 GB ROM,Expandable Upto 1 TB,Mediatek processor,6.7,3,5000.0,89999
SAMSUNG,Black,4.3,65683,6023,6 GB RAM ,128 GB ROM,Expandable Upto 1 TB,Mediatek processor,6.4,5,6000.0,13499
SAMSUNG,Other,4.2,1432,189,8 GB RAM ,128 GB ROM,Expandable Upto 1 TB,Qualcomm processor,6.7,5,5000.0,41999
Google,Other,4.4,1870,323,12 GB RAM ,128 GB ROM,Expandable Upto 1 TB,Other processor,6.7,4,4926.0,80999
realme,Blue,4.3,75924,6015,4 GB RAM ,128 GB ROM,Expandable Upto 1 TB,Mediatek processor,6.5,4,5000.0,16499
Google,Black,4.4,1870,323,12 GB RAM ,128 GB ROM,Expandable Upto 1 TB,Other processor,6.7,4,4926.0,80999
REDMI,Blue,4.3,577732,33897,4 GB RAM ,64 GB ROM,Expandable Upto 512 GB,Mediatek processor,6.53,2,5000.0,7499
REDMI,Black,4.2,7487,688,8 GB RAM ,128 GB ROM,Expandable Upto 512 GB,Mediatek processor,6.43,5,5000.0,16499
realme,Black,4.4,30120,3336,8 GB RAM ,256 GB ROM,Expandable Upto 1 TB,Mediatek processor,6.4,4,4500.0,28999
realme,Green,4.4,30120,3336,8 GB RAM ,128 GB ROM,Expandable Upto 1 TB,Mediatek processor,6.4,4,4500.0,26999
realme,Blue,4.5,46952,2235,4 GB RAM ,64 GB ROM,Expandable Upto 1 TB,Unisoc processor,6.5,4,5000.0,10999
Nokia,Blue,3.8,4453,384,2 GB RAM ,32 GB ROM,Expandable Upto 128 GB,Unisoc processor,5.45,2,3000.0,5999
MOTOROLA,Other,4.2,32958,3702,4 GB RAM ,64 GB ROM,Expandable Upto 1 TB,Qualcomm processor,6.78,4,6000.0,14499
Infinix,Blue,4.3,11853,847,3 GB RAM ,64 GB ROM,Expandable Upto 512 GB,Mediatek processor,6.82,2,5000.0,8299
Tecno,Black,4.2,459,35,3 GB RAM ,64 GB ROM,Expandable Upto 256 GB,Unisoc processor,6.6,2,5000.0,8199
SAMSUNG,Black,4.1,1402,159,8 GB RAM ,128 GB ROM,Expandable Upto 1 TB,Exynos processor,6.5,5,5000.0,33499
OPPO,Blue,4.3,771,33,3 GB RAM ,32 GB ROM,Expandable Upto 1 TB,Mediatek processor,6.52,2,4230.0,9990
Redmi,Black,4.3,389006,28121,2 GB RAM ,32 GB ROM,Expandable Upto 256 GB,Qualcomm processor,5.45,2,4000.0,6999
vivo,Blue,4.3,17203,1708,8 GB RAM ,128 GB ROM,Expandable Upto 1 TB,Mediatek processor,6.44,4,4000.0,27990
vivo,Blue,4.3,19076,1616,8 GB RAM ,128 GB ROM,Expandable Upto 1 TB,Mediatek processor,6.58,4,5000.0,15490
Tecno,Other,4.2,472,28,4 GB RAM ,64 GB ROM,Expandable Upto 512 GB,Mediatek processor,6.6,2,5000.0,8739
APPLE,Other,4.7,864,72,4 GB RAM ,128 GB ROM,Expandable Upto 1 TB,Mediatek processor,6.7,4,5000.0,127999
SAMSUNG,Blue,4.1,1402,159,8 GB RAM ,128 GB ROM,Expandable Upto 1 TB,Exynos processor,6.5,5,5000.0,33499
MOTOROLA,Other,4.2,32958,3702,4 GB RAM ,64 GB ROM,Expandable Upto 1 TB,Qualcomm processor,6.78,4,6000.0,14499
SAMSUNG,Green,4.3,298398,23481,4 GB RAM ,64 GB ROM,Expandable Upto 512 GB,Exynos processor,6.515,5,6000.0,10499
REDMI,Blue,4.3,339,47,8 GB RAM ,256 GB ROM,Expandable Upto 1 TB,Other processor,6.6,1,5080.0,26449
APPLE,Blue,4.6,187339,12755,4 GB RAM ,64 GB ROM,Expandable Upto 1 TB,Other processor,6.1,3,5000.0,53999
REDMI,Green,4.1,682,50,2 GB RAM ,32 GB ROM,Expandable Upto 512 GB,Mediatek processor,6.52,2,5000.0,7499
Nokia,Grey,3.8,4453,384,2 GB RAM ,16 GB ROM,Expandable Upto 1 TB,Unisoc processor,5.45,2,3000.0,5499
SAMSUNG,Other,4.4,1981,156,8 GB RAM ,128 GB ROM,Expandable Upto 1 TB,Qualcomm processor,6.7,3,3300.0,49999
SAMSUNG,Blue,4.1,851,54,6 GB RAM ,128 GB ROM,Expandable Upto 1 TB,Mediatek processor,6.5,1,5000.0,14738
APPLE,Red,4.7,193738,10619,4 GB RAM ,256 GB ROM,Expandable Upto 1 TB,Mediatek processor,6.1,3,5000.0,79900
SAMSUNG,Other,4.2,1432,189,8 GB RAM ,256 GB ROM,Expandable Upto 1 TB,Qualcomm processor,6.7,5,5000.0,44999
REDMI,Silver,4.1,404,32,6 GB RAM ,128 GB ROM,Expandable Upto 1 TB,Mediatek processor,6.6,1,5080.0,23770
APPLE,Red,4.7,18135,782,4 GB RAM ,256 GB ROM,Expandable Upto 1 TB,Mediatek processor,6.1,3,5000.0,81999
realme,Black,4.5,172913,10840,4 GB RAM ,64 GB ROM,Expandable Upto 256 GB,Mediatek processor,6.6,4,5000.0,13999
Infinix,Blue,4.3,12012,1583,6 GB RAM ,64 GB ROM,Expandable Upto 512 GB,Mediatek processor,6.95,4,5000.0,13999
REDMI,Other,4.2,5167,342,6 GB RAM ,128 GB ROM,Expandable Upto 512 GB,Mediatek processor,6.53,3,5000.0,11499
Tecno,Blue,4.2,459,35,3 GB RAM ,64 GB ROM,Expandable Upto 256 GB,Unisoc processor,6.6,2,5000.0,9390
Tecno,Other,4.3,108,10,4 GB RAM ,64 GB ROM,Expandable Upto 256 GB,Unisoc processor,6.6,2,5000.0,8799
OPPO,Black,4.2,262,17,8 GB RAM ,128 GB ROM,Expandable Upto 1 TB,Qualcomm processor,6.43,5,4500.0,21999
Redmi,Green,4.1,25299,1894,2 GB RAM ,32 GB ROM,Expandable Upto 1 TB,Mediatek processor,6.53,1,5000.0,7199
realme,Silver,4.3,28479,2666,8 GB RAM ,128 GB ROM,Expandable Upto 256 GB,Mediatek processor,6.5,4,5000.0,19999
realme,Grey,4.4,50843,2940,4 GB RAM ,128 GB ROM,Expandable Upto 256 GB,Mediatek processor,6.5,4,6000.0,11999
SAMSUNG,Green,4.2,457,29,6 GB RAM ,128 GB ROM,Expandable Upto 1 TB,Mediatek processor,6.6,1,6000.0,14380
APPLE,Blue,4.7,4616,346,4 GB RAM ,256 GB ROM,Expandable Upto 1 TB,Mediatek processor,6.7,3,5000.0,89999
REDMI,Green,4.2,93,8,4 GB RAM ,64 GB ROM,Expandable Upto 1 TB,Mediatek processor,6.58,1,5000.0,11999
realme,White,4.3,61695,6569,8 GB RAM ,128 GB ROM,Expandable Upto 1 TB,Qualcomm processor,6.43,4,4300.0,27999
Tecno,Grey,4.2,459,35,3 GB RAM ,64 GB ROM,Expandable Upto 1 TB,Mediatek processor,6.6,1,5000.0,8235
SAMSUNG,Blue,4.3,65683,6023,6 GB RAM ,128 GB ROM,Expandable Upto 1 TB,Mediatek processor,6.4,5,6000.0,13499
Infinix,Black,4.3,11853,847,3 GB RAM ,64 GB ROM,Expandable Upto 512 GB,Mediatek processor,6.82,2,5000.0,8299
realme,Green,4.5,46856,1851,3 GB RAM ,32 GB ROM,Expandable Upto 1 TB,Unisoc processor,6.52,4,5000.0,9299
LAVA,Red,4.1,340,56,3 GB RAM ,32 GB ROM,Expandable Upto 512 GB,Mediatek processor,6.517,3,5000.0,7999
SAMSUNG,Black,4.4,1981,156,8 GB RAM ,128 GB ROM,Expandable Upto 1 TB,Qualcomm processor,6.7,3,3300.0,49999
POCO,Black,4.4,136128,12157,6 GB RAM ,128 GB ROM,Expandable Upto 1 TB,Qualcomm processor,6.67,5,5160.0,23999
vivo,Other,4.4,2601,182,8 GB RAM ,128 GB ROM,Expandable Upto 1 TB,Qualcomm processor,6.58,4,5000.0,17989
vivo,Yellow,4.3,3791,408,8 GB RAM ,128 GB ROM,Expandable Upto 1 TB,Mediatek processor,6.56,5,4300.0,38990
APPLE,Yellow,4.7,864,72,4 GB RAM ,128 GB ROM,Expandable Upto 1 TB,Mediatek processor,6.7,4,5000.0,127999
APPLE,Red,4.7,4616,346,4 GB RAM ,256 GB ROM,Expandable Upto 1 TB,Mediatek processor,6.7,3,5000.0,89999
OPPO,Green,4.4,2283,110,4 GB RAM ,64 GB ROM,Expandable Upto 1 TB,Mediatek processor,6.56,3,5000.0,13999
SAMSUNG,Green,4.1,851,54,6 GB RAM ,128 GB ROM,Expandable Upto 1 TB,Mediatek processor,6.5,1,5000.0,14989
REDMI,White,4.2,1213,88,6 GB RAM ,128 GB ROM,Expandable Upto 1 TB,Mediatek processor,6.67,1,5000.0,22979
APPLE,Other,4.7,835,68,4 GB RAM ,128 GB ROM,Expandable Upto 1 TB,Mediatek processor,6.1,4,5000.0,122999
realme,Yellow,4.4,25228,1913,8 GB RAM ,128 GB ROM,Expandable Upto 256 GB,Qualcomm processor,6.4,4,5000.0,17999
realme,White,4.4,62128,4503,6 GB RAM ,128 GB ROM,Expandable Upto 256 GB,Qualcomm processor,6.4,4,5000.0,16999
realme,Black,4.4,25228,1913,8 GB RAM ,128 GB ROM,Expandable Upto 256 GB,Qualcomm processor,6.4,4,5000.0,17999
Infinix,Grey,4.3,12012,1583,6 GB RAM ,64 GB ROM,Expandable Upto 512 GB,Mediatek processor,6.95,4,5000.0,13999
MOTOROLA,Other,4.2,56533,6076,6 GB RAM ,128 GB ROM,Expandable Upto 1 TB,Qualcomm processor,6.78,4,6000.0,16499
POCO,Blue,4.4,350863,33195,6 GB RAM ,64 GB ROM,Expandable Upto 512 GB,Qualcomm processor,6.67,5,5000.0,17999
SAMSUNG,Blue,4.3,271,23,4 GB RAM ,64 GB ROM,Expandable Upto 1 TB,Mediatek processor,6.4,1,6000.0,11570
SAMSUNG,Black,4.2,31,2,4 GB RAM ,64 GB ROM,Expandable Upto 1 TB,Exynos processor,6.5,5,5000.0,13499
Tecno,Black,4.3,174,12,2 GB RAM ,32 GB ROM,Expandable Upto 1 TB,Unisoc processor,6.56,1,5000.0,6899
Xiaomi,Silver,4.2,3388,386,6 GB RAM ,128 GB ROM,Expandable Upto 1 TB,Qualcomm processor,6.55,4,4250.0,20990
realme,Black,4.3,61695,6569,8 GB RAM ,128 GB ROM,Expandable Upto 1 TB,Qualcomm processor,6.43,4,4300.0,27999
vivo,Blue,4.3,2168,165,4 GB RAM ,64 GB ROM,Expandable Upto 1 TB,Mediatek processor,6.51,3,5000.0,12895
APPLE,White,4.6,187339,12755,4 GB RAM ,64 GB ROM,Expandable Upto 1 TB,Other processor,6.1,3,5000.0,53999
MOTOROLA,Grey,4.1,13922,1442,6 GB RAM ,128 GB ROM,Expandable Upto 1 TB,Mediatek processor,6.4,4,5000.0,10999
Redmi,Blue,4.2,26945,1531,4 GB RAM ,64 GB ROM,Expandable Upto 1 TB,Mediatek processor,6.53,3,5000.0,10450
SAMSUNG,Other,4.1,762,49,4 GB RAM ,64 GB ROM,Expandable Upto 1 TB,Exynos processor,6.6,5,5000.0,14999
Google,Other,4.4,1870,323,12 GB RAM ,128 GB ROM,Expandable Upto 1 TB,Other processor,6.7,4,4926.0,80999
Motorola,White,4.0,1365,226,8 GB RAM ,128 GB ROM,Expandable Upto 1 TB,Qualcomm processor,6.417,4,4800.0,40999
Nokia,Grey,3.8,4453,384,2 GB RAM ,32 GB ROM,Expandable Upto 128 GB,Unisoc processor,5.45,2,3000.0,5999
OPPO,White,4.3,771,33,3 GB RAM ,32 GB ROM,Expandable Upto 1 TB,Mediatek processor,6.52,2,4230.0,9990
SAMSUNG,Black,4.2,859,59,6 GB RAM ,128 GB ROM,Expandable Upto 1 TB,Exynos processor,6.6,2,5000.0,18499
vivo,Black,4.3,1566,92,3 GB RAM ,32 GB ROM,Expandable Upto 1 TB,Mediatek processor,6.51,3,5000.0,10350
realme,Black,4.5,122536,4895,2 GB RAM ,32 GB ROM,Expandable Upto 256 GB,Other processor,6.5,2,5000.0,7160
realme,Black,4.3,62344,3497,4 GB RAM ,64 GB ROM,Expandable Upto 256 GB,Other processor,6.5,2,5000.0,8999
Infinix,Black,4.2,17231,1402,4 GB RAM ,64 GB ROM,Expandable Upto 1 TB,Unisoc processor,6.7,3,5000.0,9999
SAMSUNG,Blue,4.3,97,5,6 GB RAM ,128 GB ROM,Expandable Upto 1 TB,Qualcomm processor,6.6,3,5000.0,22999
realme,Blue,4.4,31409,3820,6 GB RAM ,128 GB ROM,Expandable Upto 1 TB,Mediatek processor,6.4,4,4500.0,24999
realme,Blue,4.4,30120,3336,8 GB RAM ,256 GB ROM,Expandable Upto 1 TB,Mediatek processor,6.4,4,4500.0,28999
SAMSUNG,Green,4.2,508,39,4 GB RAM ,128 GB ROM,Expandable Upto 1 TB,Mediatek processor,6.5,2,5000.0,10482
OPPO,Black,4.3,38,3,8 GB RAM ,128 GB ROM,Expandable Upto 1 TB,Mediatek processor,6.56,1,5000.0,19340
SAMSUNG,Blue,4.1,339,20,6 GB RAM ,128 GB ROM,Expandable Upto 1 TB,Exynos processor,6.6,5,5000.0,16999
vivo,Blue,4.5,757,146,8 GB RAM ,128 GB ROM,Expandable Upto 1 TB,Mediatek processor,6.78,4,4500.0,54999
POCO,Black,4.3,63515,4903,4 GB RAM ,64 GB ROM,Expandable Upto 1 TB,Mediatek processor,6.5,4,5000.0,15999
itel,Blue,3.1,9,1,3 GB RAM ,64 GB ROM,Expandable Upto 1 TB,Mediatek processor,6.6,1,5000.0,7100
APPLE,Other,4.7,193738,10619,4 GB RAM ,512 GB ROM,Expandable Upto 1 TB,Mediatek processor,6.1,3,5000.0,99900
Infinix,Grey,4.2,7608,999,8 GB RAM ,128 GB ROM,Expandable Upto 512 GB,Mediatek processor,6.95,4,5000.0,15999
Infinix,Green,4.2,7608,999,8 GB RAM ,128 GB ROM,Expandable Upto 512 GB,Mediatek processor,6.95,4,5000.0,15999
APPLE,Red,4.6,187339,12755,4 GB RAM ,128 GB ROM,Expandable Upto 1 TB,Other processor,6.1,3,5000.0,57999
realme,Black,4.4,70123,4883,6 GB RAM ,128 GB ROM,Expandable Upto 256 GB,Mediatek processor,6.6,4,5000.0,15999
Infinix,Black,4.3,49517,5270,4 GB RAM ,64 GB ROM,Expandable Upto 256 GB,Mediatek processor,6.78,3,5000.0,10999
SAMSUNG,Other,4.1,339,20,6 GB RAM ,128 GB ROM,Expandable Upto 1 TB,Exynos processor,6.6,5,5000.0,16999
vivo,Blue,4.2,1174,84,3 GB RAM ,32 GB ROM,Expandable Upto 1 TB,Mediatek processor,6.51,3,5000.0,9499
Infinix,Black,4.2,10863,1258,6 GB RAM ,128 GB ROM,Expandable Upto 512 GB,Mediatek processor,6.7,3,5000.0,14499
realme,Green,4.4,62550,2962,4 GB RAM ,64 GB ROM,Expandable Upto 1 TB,Unisoc processor,6.52,4,5000.0,9999
SAMSUNG,Other,4.2,855,94,8 GB RAM ,128 GB ROM,Expandable Upto 1 TB,Exynos processor,6.4,5,5000.0,27499
Mi,Other,4.2,6029,612,8 GB RAM ,128 GB ROM,Expandable Upto 512 GB,Qualcomm processor,6.55,4,4250.0,20990
SAMSUNG,Blue,4.3,103077,9884,4 GB RAM ,64 GB ROM,Expandable Upto 1 TB,Mediatek processor,6.4,5,6000.0,11499
APPLE,Black,4.6,187339,12755,4 GB RAM ,256 GB ROM,Expandable Upto 1 TB,Other processor,6.1,3,5000.0,66999
realme,Black,4.5,26545,1576,6 GB RAM ,128 GB ROM,Expandable Upto 1 TB,Qualcomm processor,6.6,4,5000.0,15999
SAMSUNG,Blue,4.3,298398,23481,4 GB RAM ,64 GB ROM,Expandable Upto 512 GB,Exynos processor,6.515,5,6000.0,10499
REDMI,Blue,4.2,1213,88,6 GB RAM ,128 GB ROM,Expandable Upto 1 TB,Mediatek processor,6.67,1,5000.0,21999
realme,Black,4.3,50,2,4 GB RAM ,128 GB ROM,Expandable Upto 1 TB,Mediatek processor,6.6,1,5000.0,16999
realme,Blue,4.3,50,2,4 GB RAM ,128 GB ROM,Expandable Upto 1 TB,Mediatek processor,6.6,1,5000.0,16799
Redmi,Black,4.2,787,54,8 GB RAM ,128 GB ROM,Expandable Upto 1 TB,Mediatek processor,6.43,1,5000.0,16990
REDMI,White,4.3,531,36,4 GB RAM ,64 GB ROM,Expandable Upto 1 TB,Mediatek processor,6.67,1,5018.0,14989
POCO,Black,4.3,4712,760,6 GB RAM ,128 GB ROM,Expandable Upto 1 TB,Mediatek processor,6.67,4,5065.0,32999
REDMI,Black,4.3,3113,258,8 GB RAM ,128 GB ROM,Expandable Upto 1 TB,Mediatek processor,6.6,1,5000.0,19100
SAMSUNG,Other,4.4,19,2,3 GB RAM ,64 GB ROM,Expandable Upto 1 TB,Mediatek processor,6.5,3,5000.0,9999
realme,Black,4.3,61695,6569,8 GB RAM ,256 GB ROM,Expandable Upto 1 TB,Qualcomm processor,6.43,4,4300.0,29999
POCO,Yellow,4.2,53648,4504,6 GB RAM ,128 GB ROM,Expandable Upto 1 TB,Mediatek processor,6.5,4,5000.0,17999
Tecno,Blue,4.2,441,33,3 GB RAM ,32 GB ROM,Expandable Upto 256 GB,Helio processor,6.52,2,6000.0,7399
MOTOROLA,Yellow,4.3,2744,473,8 GB RAM ,128 GB ROM,Expandable Upto 1 TB,Qualcomm processor,6.55,4,4400.0,39999
POCO,Green,4.4,350863,33195,6 GB RAM ,128 GB ROM,Expandable Upto 512 GB,Qualcomm processor,6.67,5,5000.0,19999
POCO,Blue,4.3,56178,5260,8 GB RAM ,128 GB ROM,Expandable Upto 1 TB,Qualcomm processor,6.67,5,5160.0,25999
OPPO,Black,4.3,854,69,4 GB RAM ,128 GB ROM,Expandable Upto 256 GB,Mediatek processor,6.51,4,5000.0,13999
SAMSUNG,Blue,4.1,762,49,4 GB RAM ,64 GB ROM,Expandable Upto 1 TB,Exynos processor,6.6,5,5000.0,14999
realme,Blue,4.3,21,3,12 GB RAM ,256 GB ROM,Expandable Upto 1 TB,Mediatek processor,6.7,4,4500.0,42999
realme,Orange,4.4,61051,6544,6 GB RAM ,64 GB ROM,Expandable Upto 256 GB,Snapdragon processor,6.6,6,4300.0,17999
Redmi,White,4.2,2957,265,8 GB RAM ,128 GB ROM,Expandable Upto 1 TB,Mediatek processor,6.67,1,5000.0,21995
APPLE,Black,4.6,187339,12755,4 GB RAM ,128 GB ROM,Expandable Upto 1 TB,Other processor,6.1,3,5000.0,57999
Mi,Silver,4.0,450,34,8 GB RAM ,128 GB ROM,Expandable Upto 1 TB,Qualcomm processor,6.67,4,4520.0,29999
SAMSUNG,Other,4.0,160,16,8 GB RAM ,128 GB ROM,Expandable Upto 1 TB,Mediatek processor,6.5,1,4500.0,30990
SAMSUNG,Black,4.1,762,49,4 GB RAM ,128 GB ROM,Expandable Upto 1 TB,Exynos processor,6.6,5,5000.0,15499
Infinix,Black,4.3,49517,5270,4 GB RAM ,128 GB ROM,Expandable Upto 256 GB,Mediatek processor,6.78,3,5000.0,11999
Infinix,Green,4.3,49517,5270,4 GB RAM ,128 GB ROM,Expandable Upto 256 GB,Mediatek processor,6.78,3,5000.0,11999
Infinix,Silver,4.3,49517,5270,4 GB RAM ,128 GB ROM,Expandable Upto 256 GB,Mediatek processor,6.78,3,5000.0,11999
POCO,Blue,4.3,398908,26497,3 GB RAM ,32 GB ROM,Expandable Upto 512 GB,Mediatek processor,6.53,4,5000.0,9999
SAMSUNG,Blue,4.3,298398,23481,4 GB RAM ,128 GB ROM,Expandable Upto 512 GB,Exynos processor,6.515,5,6000.0,11499
vivo,Blue,4.3,736,44,6 GB RAM ,128 GB ROM,Expandable Upto 1 TB,Mediatek processor,6.55,3,5000.0,16399
POCO,Blue,4.3,67040,4600,4 GB RAM ,64 GB ROM,Expandable Upto 512 GB,Mediatek processor,6.53,5,5000.0,11999
realme,Blue,4.4,147456,7085,4 GB RAM ,64 GB ROM,Expandable Upto 256 GB,Mediatek processor,6.5,4,5000.0,10499
Infinix,Other,4.3,11853,847,3 GB RAM ,64 GB ROM,Expandable Upto 512 GB,Mediatek processor,6.82,2,5000.0,8299
realme,Silver,4.3,76575,6059,6 GB RAM ,128 GB ROM,Expandable Upto 256 GB,Mediatek processor,6.5,4,5000.0,15499
SAMSUNG,Other,4.2,1432,189,8 GB RAM ,256 GB ROM,Expandable Upto 1 TB,Qualcomm processor,6.7,5,5000.0,48990
APPLE,Red,4.6,185978,10886,4 GB RAM ,128 GB ROM,Expandable Upto 1 TB,Mediatek processor,6.1,3,5000.0,47999
OPPO,Blue,4.4,75179,4519,3 GB RAM ,32 GB ROM,Expandable Upto 256 GB,Mediatek processor,6.22,3,4230.0,9990
SAMSUNG,Green,4.1,762,49,4 GB RAM ,64 GB ROM,Expandable Upto 1 TB,Exynos processor,6.6,5,5000.0,14999
SAMSUNG,Black,4.4,38,10,8 GB RAM ,256 GB ROM,Expandable Upto 1 TB,Qualcomm processor,6.6,4,4700.0,94999
Infinix,Blue,4.3,66429,4303,2 GB RAM ,32 GB ROM,Expandable Upto 256 GB,Mediatek processor,6.1,2,5000.0,6499
POCO,Blue,4.5,271215,28994,6 GB RAM ,64 GB ROM,Expandable Upto 512 GB,Qualcomm processor,6.67,6,4500.0,17999
MOTOROLA,Black,4.3,319,74,12 GB RAM ,256 GB ROM,Expandable Upto 1 TB,Qualcomm processor,6.67,4,4610.0,59999
IQOO,Black,4.2,719,51,6 GB RAM ,128 GB ROM,Expandable Upto 1 TB,Mediatek processor,6.58,1,5000.0,17489
SAMSUNG,Black,4.5,2427,270,8 GB RAM ,128 GB ROM,Expandable Upto 1 TB,Qualcomm processor,6.6,4,4500.0,59999
Infinix,Blue,3.0,1760,132,3 GB RAM ,16 GB ROM,Expandable Upto 1 TB,Mediatek processor,5.45,2,3000.0,4699
SAMSUNG,Blue,4.3,19,2,4 GB RAM ,128 GB ROM,Expandable Upto 1 TB,Mediatek processor,6.5,3,5000.0,11499
Infinix,Green,4.2,17231,1402,4 GB RAM ,64 GB ROM,Expandable Upto 1 TB,Unisoc processor,6.7,3,5000.0,9999
APPLE,Other,4.7,4616,346,4 GB RAM ,512 GB ROM,Expandable Upto 1 TB,Mediatek processor,6.7,3,5000.0,109999
REDMI,Green,4.3,4641,230,2 GB RAM ,32 GB ROM,Expandable Upto 1 TB,Mediatek processor,6.52,1,5000.0,6599
